Unique,Page,Survey,Length,Sex,Loc Code,Loc,Location,Date,Freq,Code,Fate,Signal,Latitude,Longitude,notes,,,,,,,,,
1,1,0,362,F,1,Red,Camp to Confluence,9/28/2024,150.4,1,A,NA,62.9022,-143.7605,,,,,,,,,,
1,1,1,362,F,1,Red,Camp to Confluence,10/16/2024,150.4,1,M,118,62.83775,-143.693,,,,,,,,,,
1,1,2,362,F,1,Red,Camp to Confluence,10/24/2024,150.4,1,M,157,62.78282,-143.76783,,,,,,,,,,
1,1,3,362,F,1,Red,Camp to Confluence,11/1/2024,150.4,1,M,162,62.7813414,-143.7660264,,,,,,,,,,
1,1,4,362,F,1,Red,Camp to Confluence,12/27/2024,150.4,1,M,180,62.7822964,-143.7647581,,,,,,,,,,
1,1,5,362,F,1,Red,Camp to Confluence,3/17/2025,150.4,1,M,166,62.7824631,-143.7660381,,,,,,,,,,
1,1,6,362,F,1,Red,Camp to Confluence,5/19/2025,150.4,1,M,128,62.7834847,-143.7639331,,,,,,,,,,
1,1,7,362,F,1,Red,Camp to Confluence,6/11/2025,150.4,1,M,120,62.7831797,-143.7656547,,,,,,,,,,
1,1,8,362,F,1,Red,Camp to Confluence,7/22/2025,150.4,1,M,104,62.7817997,-143.7653664,,,,,,,,,,
1,1,9,362,F,1,Red,Camp to Confluence,9/8/2025,150.4,1,M,155,62.78429,-143.76452,,,,,,,,,,
1,1,10,362,F,1,Red,Camp to Confluence,9/24/2025,150.4,1,M,174,62.78426,-143.76161,,,,,,,,,,
1,1,11,362,F,1,Red,Camp to Confluence,10/10/2025,150.4,1,M,143,62.78497,-143.76525,,,,,,,,,,
1,1,12,362,F,1,Red,Camp to Confluence,10/22/2025,150.4,1,M,108,62.7796,-143.76645,only 1 hit,,,,,,,,,
1,1,13,362,F,1,Red,Camp to Confluence,10/29/2025,150.4,1,M,160,62.78256,-143.76349,,,,,,,,,,
8,1,0,336,M,2,Red,Camp to Confluence,9/28/2024,150.4,2,A,NA,62.9022,-143.7605,,,,,,,,,,
8,1,1,336,M,2,Red,Camp to Confluence,10/16/2024,150.4,2,A,154,62.891,-143.73293,,,,,,,,,,
8,1,2,336,M,2,Red,Camp to Confluence,10/24/2024,150.4,2,A,105,62.87694,-143.74285,,,,,,,,,,
8,1,3,336,M,2,Red,Camp to Confluence,11/1/2024,150.4,2,A,94,62.8573464,-143.6950214,,,,,,,,,,
8,1,4,336,M,2,Red,Camp to Confluence,12/27/2024,150.4,2,M,117,62.8346814,-143.6915081,,,,,,,,,,
8,1,5,336,M,2,Red,Camp to Confluence,3/17/2025,150.4,2,M,143,62.8339797,-143.6935497,,,,,,,,,,
8,1,7,336,M,2,Red,Camp to Confluence,6/11/2025,150.4,2,M,128,62.8343981,-143.6925597,,,,,,,,,,
8,1,8,336,M,2,Red,Camp to Confluence,7/22/2025,150.4,2,M,111,62.8354547,-143.6952697,,,,,,,,,,
8,1,9,336,M,2,Red,Camp to Confluence,9/8/2025,150.4,2,M,166,62.83428,-143.69484,,,,,,,,,,
8,1,10,336,M,2,Red,Camp to Confluence,9/24/2025,150.4,2,M,184,62.83469,-143.69338,,,,,,,,,,
8,1,11,336,M,2,Red,Camp to Confluence,10/10/2025,150.4,2,M,172,62.8351,-143.69242,,,,,,,,,,
8,1,12,336,M,2,Red,Camp to Confluence,10/22/2025,150.4,2,M,178,62.83491,-143.69345,,,,,,,,,,
8,1,13,336,M,2,Red,Camp to Confluence,10/29/2025,150.4,2,M,169,62.83386,-143.69103,,,,,,,,,,
14,1,0,474,F,3,Orange,Bottom Section,9/28/2024,150.4,3,A,NA,62.8921,-143.7311,,,,,,,,,,
14,1,1,474,F,3,Orange,Bottom Section,10/16/2024,150.4,3,A,139,62.88579,-143.72584,,,,,,,,,,
14,1,2,474,F,3,Orange,Bottom Section,10/24/2024,150.4,3,M,162,62.85655,-143.69659,,,,,,,,,,
14,1,3,474,F,3,Orange,Bottom Section,11/1/2024,150.4,3,M,160,62.8571681,-143.6955914,,,,,,,,,,
14,1,4,474,F,3,Orange,Bottom Section,12/27/2024,150.4,3,M,99,62.8602314,-143.6929764,,,,,,,,,,
14,1,5,474,F,3,Orange,Bottom Section,3/17/2025,150.4,3,M,122,62.8559247,-143.6952814,,,,,,,,,,
14,1,6,474,F,3,Orange,Bottom Section,5/19/2025,150.4,3,M,103,62.8554481,-143.6969364,,,,,,,,,,
14,1,7,474,F,3,Orange,Bottom Section,6/11/2025,150.4,3,M,119,62.8542864,-143.6940531,,,,,,,,,,
14,1,8,474,F,3,Orange,Bottom Section,7/22/2025,150.4,3,M,109,62.8570097,-143.6966964,,,,,,,,,,
14,1,9,474,F,3,Orange,Bottom Section,9/8/2025,150.4,3,M,164,62.85642,-143.69566,,,,,,,,,,
14,1,10,474,F,3,Orange,Bottom Section,9/24/2025,150.4,3,M,161,62.85528,-143.69678,,,,,,,,,,
14,1,11,474,F,3,Orange,Bottom Section,10/10/2025,150.4,3,M,155,62.85604,-143.69563,,,,,,,,,,
14,1,12,474,F,3,Orange,Bottom Section,10/22/2025,150.4,3,M,159,62.85486,-143.69761,,,,,,,,,,
14,1,13,474,F,3,Orange,Bottom Section,10/29/2025,150.4,3,M,167,62.85641,-143.69786,,,,,,,,,,
16,1,0,470,F,4,Orange,Bottom Section,9/28/2024,150.4,4,A,NA,62.8921,-143.7311,,,,,,,,,,
16,1,1,470,F,4,Orange,Bottom Section,10/16/2024,150.4,4,A,131,62.90161,-143.75032,,,,,,,,,,
16,1,2,470,F,4,Orange,Bottom Section,10/24/2024,150.4,4,A,122,62.90056,-143.74867,,,,,,,,,,
16,1,3,470,F,4,Orange,Bottom Section,11/1/2024,150.4,4,A,108,62.7368181,-143.8188997,,,,,,,,,,
16,1,4,470,F,4,Orange,Bottom Section,12/27/2024,150.4,4,A,130,62.7336897,-143.8241897,,,,,,,,,,
16,1,5,470,F,4,Orange,Bottom Section,3/17/2025,150.4,4,A,95,62.7323047,-143.8269264,,,,,,,,,,
16,1,6,470,F,4,Orange,Bottom Section,5/19/2025,150.4,4,A,122,62.7546147,-143.7746264,,,,,,,,,,
16,1,9,470,F,4,Orange,Bottom Section,9/8/2025,150.4,4,A,111,62.91375,-143.77482,only 1 hit,,,,,,,,,
22,1,0,376,F,5,Orange,Bottom Section,9/28/2024,150.4,5,A,NA,62.8921,-143.7311,,,,,,,,,,
22,1,1,376,F,5,Orange,Bottom Section,10/16/2024,150.4,5,A,136,62.8876,-143.72658,,,,,,,,,,
22,1,2,376,F,5,Orange,Bottom Section,10/24/2024,150.4,5,A,85,62.84511,-143.69596,,,,,,,,,,
22,1,3,376,F,5,Orange,Bottom Section,11/1/2024,150.4,5,A,93,62.8396997,-143.6935331,,,,,,,,,,
22,1,5,376,F,5,Orange,Bottom Section,3/17/2025,150.4,5,A,54,62.7516781,-143.7779547,,,,,,,,,,
22,1,13,376,F,5,Orange,Bottom Section,10/29/2025,150.4,5,A,136,62.75719,-143.77509,only 1 hit,,,,,,,,,
13,1,0,330,M,6,Red,Camp to Confluence,9/28/2024,150.4,6,A,NA,62.9022,-143.7605,,,,,,,,,,
13,1,1,330,M,6,Red,Camp to Confluence,10/16/2024,150.4,6,A,121,62.91305,-143.78109,,,,,,,,,,
13,1,2,330,M,6,Red,Camp to Confluence,10/24/2024,150.4,6,A,110,62.91727,-143.75916,,,,,,,,,,
13,1,3,330,M,6,Red,Camp to Confluence,11/1/2024,150.4,6,A,112,62.9144564,-143.7989831,,,,,,,,,,
13,1,4,330,M,6,Red,Camp to Confluence,12/27/2024,150.4,6,A,116,62.9178431,-143.7825931,,,,,,,,,,
13,1,5,330,M,6,Red,Camp to Confluence,3/17/2025,150.4,6,A,134,62.9144414,-143.7921097,,,,,,,,,,
13,1,6,330,M,6,Red,Camp to Confluence,5/19/2025,150.4,6,A,78,62.9239231,-143.7540297,,,,,,,,,,
13,1,8,330,M,6,Red,Camp to Confluence,7/22/2025,150.4,6,M,119,62.9186747,-143.7628714,,,,,,,,,,
13,1,9,330,M,6,Red,Camp to Confluence,9/8/2025,150.4,6,M,153,62.9166,-143.76237,,,,,,,,,,
13,1,10,330,M,6,Red,Camp to Confluence,9/24/2025,150.4,6,M,154,62.91797,-143.76056,,,,,,,,,,
13,1,11,330,M,6,Red,Camp to Confluence,10/10/2025,150.4,6,M,158,62.91771,-143.76046,,,,,,,,,,
13,1,12,330,M,6,Red,Camp to Confluence,10/22/2025,150.4,6,M,153,62.91968,-143.76149,,,,,,,,,,
12,1,0,338,M,7,Red,Camp to Confluence,9/28/2024,150.4,7,A,NA,62.9022,-143.7605,,,,,,,,,,
12,1,1,338,M,7,Red,Camp to Confluence,10/16/2024,150.4,7,A,129,62.90992,-143.75776,,,,,,,,,,
12,1,3,338,M,7,Red,Camp to Confluence,11/1/2024,150.4,7,A,89,62.9166464,-143.8124897,,,,,,,,,,
12,1,4,338,M,7,Red,Camp to Confluence,12/27/2024,150.4,7,A,120,62.9171364,-143.8148314,,,,,,,,,,
12,1,5,338,M,7,Red,Camp to Confluence,3/17/2025,150.4,7,A,67,62.9117897,-143.7892281,,,,,,,,,,
12,1,6,338,M,7,Red,Camp to Confluence,5/19/2025,150.4,7,M,120,62.8818314,-143.7169614,,,,,,,,,,
12,1,7,338,M,7,Red,Camp to Confluence,6/11/2025,150.4,7,M,116,62.8809931,-143.7127114,,,,,,,,,,
12,1,8,338,M,7,Red,Camp to Confluence,7/22/2025,150.4,7,M,113,62.8802614,-143.7151881,,,,,,,,,,
12,1,13,338,M,7,Red,Camp to Confluence,10/29/2025,150.4,7,M,110,62.87975,-143.71522,,,,,,,,,,
10,1,0,340,F,8,Red,Camp to Confluence,9/28/2024,150.4,8,A,NA,62.9022,-143.7605,,,,,,,,,,
10,1,1,340,F,8,Red,Camp to Confluence,10/16/2024,150.4,8,A,120,62.902,-143.75725,,,,,,,,,,
10,1,2,340,F,8,Red,Camp to Confluence,10/24/2024,150.4,8,A,69,62.8358,-143.68856,,,,,,,,,,
10,1,3,340,F,8,Red,Camp to Confluence,11/1/2024,150.4,8,A,120,62.8354514,-143.6872581,,,,,,,,,,
10,1,4,340,F,8,Red,Camp to Confluence,12/27/2024,150.4,8,M,137,62.8053347,-143.7259664,,,,,,,,,,
10,1,5,340,F,8,Red,Camp to Confluence,3/17/2025,150.4,8,M,136,62.8060747,-143.7285481,,,,,,,,,,
10,1,6,340,F,8,Red,Camp to Confluence,5/19/2025,150.4,8,M,81,62.8054664,-143.7269181,,,,,,,,,,
10,1,7,340,F,8,Red,Camp to Confluence,6/11/2025,150.4,8,M,112,62.8061197,-143.7285231,,,,,,,,,,
10,1,8,340,F,8,Red,Camp to Confluence,7/22/2025,150.4,8,M,72,62.8059114,-143.7297181,only 1 hit,,,,,,,,,
10,1,9,340,F,8,Red,Camp to Confluence,9/8/2025,150.4,8,M,113,62.80528,-143.72628,,,,,,,,,,
10,1,11,340,F,8,Red,Camp to Confluence,10/10/2025,150.4,8,M,112,62.80529,-143.72967,,,,,,,,,,
10,1,13,340,F,8,Red,Camp to Confluence,10/29/2025,150.4,8,M,118,62.80752,-143.72684,,,,,,,,,,
27,1,0,442,M,9,Orange,Bottom Section,9/28/2024,150.4,9,A,NA,62.8921,-143.7311,,,,,,,,,,
27,1,1,442,M,9,Orange,Bottom Section,10/16/2024,150.4,9,A,125,62.88724,-143.72541,,,,,,,,,,
27,1,2,442,M,9,Orange,Bottom Section,10/24/2024,150.4,9,A,122,62.85599,-143.69438,,,,,,,,,,
27,1,3,442,M,9,Orange,Bottom Section,11/1/2024,150.4,9,M,96,62.8792447,-143.7136064,,,,,,,,,,
27,1,5,442,M,9,Orange,Bottom Section,3/17/2025,150.4,9,M,110,62.7550431,-143.7725414,,,,,,,,,,
27,1,6,442,M,9,Orange,Bottom Section,5/19/2025,150.4,9,M,115,62.7562197,-143.7741547,,,,,,,,,,
27,1,7,442,M,9,Orange,Bottom Section,6/11/2025,150.4,9,M,91,62.7530314,-143.7748747,,,,,,,,,,
27,1,8,442,M,9,Orange,Bottom Section,7/22/2025,150.4,9,M,103,62.7542331,-143.7766097,,,,,,,,,,
27,1,9,442,M,9,Orange,Bottom Section,9/8/2025,150.4,9,M,154,62.75554,-143.77514,,,,,,,,,,
27,1,10,442,M,9,Orange,Bottom Section,9/24/2025,150.4,9,M,135,62.75465,-143.77666,,,,,,,,,,
27,1,11,442,M,9,Orange,Bottom Section,10/10/2025,150.4,9,M,145,62.7552,-143.77823,,,,,,,,,,
27,1,12,442,M,9,Orange,Bottom Section,10/22/2025,150.4,9,M,134,62.75602,-143.77533,,,,,,,,,,
27,1,13,442,M,9,Orange,Bottom Section,10/29/2025,150.4,9,M,152,62.75566,-143.77578,,,,,,,,,,
9,1,0,348,M,10,Red,Camp to Confluence,9/28/2024,150.4,10,A,NA,62.9022,-143.7605,,,,,,,,,,
9,1,1,348,M,10,Red,Camp to Confluence,10/16/2024,150.4,10,A,169,62.90179,-143.74943,,,,,,,,,,
9,1,4,348,M,10,Red,Camp to Confluence,12/27/2024,150.4,10,A,133,62.9099847,-143.7589031,,,,,,,,,,
9,1,5,348,M,10,Red,Camp to Confluence,3/17/2025,150.4,10,M,114,62.9110914,-143.7636997,,,,,,,,,,
9,1,6,348,M,10,Red,Camp to Confluence,5/19/2025,150.4,10,M,110,62.9088897,-143.7570364,,,,,,,,,,
9,1,7,348,M,10,Red,Camp to Confluence,6/11/2025,150.4,10,M,92,62.9080314,-143.7588997,,,,,,,,,,
9,1,8,348,M,10,Red,Camp to Confluence,7/22/2025,150.4,10,M,104,62.9102714,-143.7589731,,,,,,,,,,
9,1,9,348,M,10,Red,Camp to Confluence,9/8/2025,150.4,10,M,148,62.90808,-143.75847,,,,,,,,,,
9,1,11,348,M,10,Red,Camp to Confluence,10/10/2025,150.4,10,M,153,62.90949,-143.75806,,,,,,,,,,
9,1,12,348,M,10,Red,Camp to Confluence,10/22/2025,150.4,10,M,135,62.90892,-143.76054,,,,,,,,,,
9,1,13,348,M,10,Red,Camp to Confluence,10/29/2025,150.4,10,M,153,62.90868,-143.75852,,,,,,,,,,
7,1,0,344,M,11,Red,Camp to Confluence,9/28/2024,150.4,11,A,NA,62.9022,-143.7605,,,,,,,,,,
7,1,1,344,M,11,Red,Camp to Confluence,10/16/2024,150.4,11,A,151,62.90281,-143.76558,,,,,,,,,,
7,1,2,344,M,11,Red,Camp to Confluence,10/24/2024,150.4,11,A,130,62.90468,-143.77988,,,,,,,,,,
7,1,3,344,M,11,Red,Camp to Confluence,11/1/2024,150.4,11,A,127,62.9144747,-143.7934614,,,,,,,,,,
7,1,4,344,M,11,Red,Camp to Confluence,12/27/2024,150.4,11,A,104,62.9144081,-143.7847464,,,,,,,,,,
7,1,5,344,M,11,Red,Camp to Confluence,3/17/2025,150.4,11,A,112,62.9134331,-143.7997581,,,,,,,,,,
7,1,6,344,M,11,Red,Camp to Confluence,5/19/2025,150.4,11,A,81,62.9249847,-143.7727881,,,,,,,,,,
7,1,7,344,M,11,Red,Camp to Confluence,6/11/2025,150.4,11,A,96,62.9126581,-143.7948947,,,,,,,,,,
7,1,9,344,M,11,Red,Camp to Confluence,9/8/2025,150.4,11,M,96,62.91663,-143.80258,only 1 hit,,,,,,,,,
25,1,0,425,M,12,Orange,Bottom Section,9/28/2024,150.4,12,A,NA,62.8921,-143.7311,,,,,,,,,,
25,1,1,425,M,12,Orange,Bottom Section,10/16/2024,150.4,12,A,97,62.90549,-143.75131,,,,,,,,,,
25,1,2,425,M,12,Orange,Bottom Section,10/24/2024,150.4,12,A,108,62.8976,-143.74452,,,,,,,,,,
25,1,3,425,M,12,Orange,Bottom Section,11/1/2024,150.4,12,A,102,62.8802697,-143.7116314,,,,,,,,,,
25,1,4,425,M,12,Orange,Bottom Section,12/27/2024,150.4,12,A,106,62.8170881,-143.6916947,,,,,,,,,,
25,1,6,425,M,12,Orange,Bottom Section,5/19/2025,150.4,12,M,126,62.7522514,-143.7766814,,,,,,,,,,
25,1,7,425,M,12,Orange,Bottom Section,6/11/2025,150.4,12,M,110,62.7512397,-143.7756514,,,,,,,,,,
25,1,8,425,M,12,Orange,Bottom Section,7/22/2025,150.4,12,M,102,62.7524614,-143.7776914,,,,,,,,,,
25,1,9,425,M,12,Orange,Bottom Section,9/8/2025,150.4,12,M,138,62.75291,-143.77607,,,,,,,,,,
25,1,10,425,M,12,Orange,Bottom Section,9/24/2025,150.4,12,M,156,62.75349,-143.77845,,,,,,,,,,
25,1,11,425,M,12,Orange,Bottom Section,10/10/2025,150.4,12,M,148,62.75704,-143.7791,,,,,,,,,,
25,1,12,425,M,12,Orange,Bottom Section,10/22/2025,150.4,12,M,146,62.75351,-143.77612,,,,,,,,,,
25,1,13,425,M,12,Orange,Bottom Section,10/29/2025,150.4,12,M,161,62.75471,-143.7766,,,,,,,,,,
6,1,0,412,F,13,Red,Camp to Confluence,9/28/2024,150.4,13,A,NA,62.9022,-143.7605,,,,,,,,,,
6,1,1,412,F,13,Red,Camp to Confluence,10/16/2024,150.4,13,A,158,62.90281,-143.76558,,,,,,,,,,
6,1,2,412,F,13,Red,Camp to Confluence,10/24/2024,150.4,13,A,123,62.91269,-143.75841,,,,,,,,,,
11,1,0,341,M,14,Red,Camp to Confluence,9/28/2024,150.4,14,A,NA,62.9022,-143.7605,,,,,,,,,,
11,1,1,341,M,14,Red,Camp to Confluence,10/16/2024,150.4,14,A,157,62.8886,-143.72728,,,,,,,,,,
11,1,2,341,M,14,Red,Camp to Confluence,10/24/2024,150.4,14,A,109,62.85366,-143.69716,,,,,,,,,,
11,1,3,341,M,14,Red,Camp to Confluence,11/1/2024,150.4,14,A,114,62.8227031,-143.6858381,,,,,,,,,,
11,1,4,341,M,14,Red,Camp to Confluence,12/27/2024,150.4,14,A,118,62.7384564,-143.8174964,,,,,,,,,,
11,1,5,341,M,14,Red,Camp to Confluence,3/17/2025,150.4,14,A,124,62.7086981,-143.9420064,,,,,,,,,,
11,1,6,341,M,14,Red,Camp to Confluence,5/19/2025,150.4,14,A,102,62.6932197,-144.0401331,,,,,,,,,,
11,1,7,341,M,14,Red,Camp to Confluence,6/11/2025,150.4,14,A,116,62.6852414,-144.0686131,,,,,,,,,,
11,1,8,341,M,14,Red,Camp to Confluence,7/22/2025,150.4,14,A,92,62.6999664,-144.0007931,,,,,,,,,,
11,1,9,341,M,14,Red,Camp to Confluence,9/8/2025,150.4,14,A,163,62.88776,-143.72865,,,,,,,,,,
11,1,10,341,M,14,Red,Camp to Confluence,9/24/2025,150.4,14,M,173,62.89603,-143.74027,,,,,,,,,,
11,1,11,341,M,14,Red,Camp to Confluence,10/10/2025,150.4,14,M,166,62.89578,-143.74064,,,,,,,,,,
11,1,12,341,M,14,Red,Camp to Confluence,10/22/2025,150.4,14,M,157,62.89547,-143.73943,,,,,,,,,,
11,1,13,341,M,14,Red,Camp to Confluence,10/29/2025,150.4,14,M,111,62.89354,-143.7456,only 1 hit,,,,,,,,,
5,1,0,345,F,15,Red,Camp to Confluence,9/28/2024,150.4,15,A,NA,62.9022,-143.7605,,,,,,,,,,
5,1,1,345,F,15,Red,Camp to Confluence,10/16/2024,150.4,15,A,170,62.8735,-143.70285,,,,,,,,,,
5,1,2,345,F,15,Red,Camp to Confluence,10/24/2024,150.4,15,M,146,62.86326,-143.69761,,,,,,,,,,
5,1,3,345,F,15,Red,Camp to Confluence,11/1/2024,150.4,15,M,166,62.8619881,-143.6970547,,,,,,,,,,
5,1,4,345,F,15,Red,Camp to Confluence,12/27/2024,150.4,15,M,164,62.8629347,-143.6934247,,,,,,,,,,
5,1,5,345,F,15,Red,Camp to Confluence,3/17/2025,150.4,15,M,147,62.8599514,-143.6940814,,,,,,,,,,
5,1,6,345,F,15,Red,Camp to Confluence,5/19/2025,150.4,15,M,110,62.8616847,-143.6941214,,,,,,,,,,
5,1,7,345,F,15,Red,Camp to Confluence,6/11/2025,150.4,15,M,90,62.8615197,-143.6983697,,,,,,,,,,
5,1,8,345,F,15,Red,Camp to Confluence,7/22/2025,150.4,15,M,93,62.8614014,-143.6953147,,,,,,,,,,
5,1,9,345,F,15,Red,Camp to Confluence,9/8/2025,150.4,15,M,132,62.86082,-143.69542,"2 hits, also alive",,,,,,,,,
5,1,10,345,F,15,Red,Camp to Confluence,9/24/2025,150.4,15,M,126,62.86129,-143.69734,,,,,,,,,,
5,1,11,345,F,15,Red,Camp to Confluence,10/10/2025,150.4,15,M,124,62.86097,-143.69269,,,,,,,,,,
5,1,12,345,F,15,Red,Camp to Confluence,10/22/2025,150.4,15,M,130,62.86087,-143.69721,,,,,,,,,,
5,1,13,345,F,15,Red,Camp to Confluence,10/29/2025,150.4,15,M,135,62.86056,-143.69431,,,,,,,,,,
17,1,0,371,F,16,Orange,Bottom Section,9/28/2024,150.4,16,A,NA,62.8921,-143.7311,,,,,,,,,,
17,1,1,371,F,16,Orange,Bottom Section,10/16/2024,150.4,16,A,91,62.91603,-143.76035,,,,,,,,,,
17,1,2,371,F,16,Orange,Bottom Section,10/24/2024,150.4,16,A,115,62.91301,-143.75848,,,,,,,,,,
17,1,3,371,F,16,Orange,Bottom Section,11/1/2024,150.4,16,A,119,62.9148181,-143.7687547,,,,,,,,,,
17,1,4,371,F,16,Orange,Bottom Section,12/27/2024,150.4,16,A,115,62.9158564,-143.7798714,,,,,,,,,,
17,1,5,371,F,16,Orange,Bottom Section,3/17/2025,150.4,16,A,63,62.9019397,-143.7805614,,,,,,,,,,
17,1,6,371,F,16,Orange,Bottom Section,5/19/2025,150.4,16,A,90,62.8641414,-143.7365031,,,,,,,,,,
17,1,7,371,F,16,Orange,Bottom Section,6/11/2025,150.4,16,A,92,62.8654547,-143.7416247,,,,,,,,,,
17,1,8,371,F,16,Orange,Bottom Section,7/22/2025,150.4,16,A,80,62.8634864,-143.7395947,,,,,,,,,,
17,1,9,371,F,16,Orange,Bottom Section,9/8/2025,150.4,16,A,150,62.8612,-143.74521,,,,,,,,,,
17,1,10,371,F,16,Orange,Bottom Section,9/24/2025,150.4,16,A,145,62.86068,-143.74431,,,,,,,,,,
17,1,11,371,F,16,Orange,Bottom Section,10/10/2025,150.4,16,A,157,62.86155,-143.74518,,,,,,,,,,
17,1,12,371,F,16,Orange,Bottom Section,10/22/2025,150.4,16,A,109,62.92373,-143.76436,,,,,,,,,,
17,1,13,371,F,16,Orange,Bottom Section,10/29/2025,150.4,16,A,118,62.91711,-143.7773,only 1 hit,,,,,,,,,
21,1,0,332,F,17,Orange,Bottom Section,9/28/2024,150.4,17,A,NA,62.8921,-143.7311,,,,,,,,,,
21,1,1,332,F,17,Orange,Bottom Section,10/16/2024,150.4,17,A,92,62.90186,-143.77624,,,,,,,,,,
21,1,2,332,F,17,Orange,Bottom Section,10/24/2024,150.4,17,A,93,62.91315,-143.75981,,,,,,,,,,
21,1,3,332,F,17,Orange,Bottom Section,11/1/2024,150.4,17,A,114,62.9159014,-143.7628164,,,,,,,,,,
21,1,4,332,F,17,Orange,Bottom Section,12/27/2024,150.4,17,A,106,62.9136281,-143.7753881,,,,,,,,,,
21,1,5,332,F,17,Orange,Bottom Section,3/17/2025,150.4,17,A,121,62.9180764,-143.8196847,,,,,,,,,,
21,1,6,332,F,17,Orange,Bottom Section,5/19/2025,150.4,17,A,109,62.9336464,-143.7454697,,,,,,,,,,
21,1,7,332,F,17,Orange,Bottom Section,6/11/2025,150.4,17,A,117,62.9142314,-143.7730031,,,,,,,,,,
21,1,8,332,F,17,Orange,Bottom Section,7/22/2025,150.4,17,M,130,62.9135714,-143.7789047,,,,,,,,,,
21,1,9,332,F,17,Orange,Bottom Section,9/8/2025,150.4,17,M,199,62.91373,-143.77617,,,,,,,,,,
21,1,10,332,F,17,Orange,Bottom Section,9/24/2025,150.4,17,M,161,62.91308,-143.77971,,,,,,,,,,
21,1,11,332,F,17,Orange,Bottom Section,10/10/2025,150.4,17,M,197,62.91346,-143.77661,,,,,,,,,,
21,1,12,332,F,17,Orange,Bottom Section,10/22/2025,150.4,17,M,168,62.91445,-143.77185,,,,,,,,,,
21,1,13,332,F,17,Orange,Bottom Section,10/29/2025,150.4,17,M,207,62.91292,-143.77627,,,,,,,,,,
3,1,0,415,M,18,Red,Camp to Confluence,9/28/2024,150.4,18,A,NA,62.9022,-143.7605,,,,,,,,,,
3,1,1,415,M,18,Red,Camp to Confluence,10/16/2024,150.4,18,A,132,62.84481,-143.69405,,,,,,,,,,
3,1,3,415,M,18,Red,Camp to Confluence,11/1/2024,150.4,18,A,108,62.7825031,-143.7643631,,,,,,,,,,
3,1,4,415,M,18,Red,Camp to Confluence,12/27/2024,150.4,18,A,78,62.9166281,-143.8029664,,,,,,,,,,
3,1,5,415,M,18,Red,Camp to Confluence,3/17/2025,150.4,18,A,68,62.9146781,-143.7785697,,,,,,,,,,
3,1,8,415,M,18,Red,Camp to Confluence,7/22/2025,150.4,18,A,81,62.7188047,-143.8638664,,,,,,,,,,
3,1,9,415,M,18,Red,Camp to Confluence,9/8/2025,150.4,18,M,123,62.71869,-143.85133,,,,,,,,,,
3,1,10,415,M,18,Red,Camp to Confluence,9/24/2025,150.4,18,M,114,62.71913,-143.85191,,,,,,,,,,
3,1,11,415,M,18,Red,Camp to Confluence,10/10/2025,150.4,18,M,122,62.7279,-143.83093,,,,,,,,,,
3,1,12,415,M,18,Red,Camp to Confluence,10/22/2025,150.4,18,M,108,62.71995,-143.85211,,,,,,,,,,
3,1,13,415,M,18,Red,Camp to Confluence,10/29/2025,150.4,18,M,101,62.71876,-143.85568,only 1 hit,,,,,,,,,
26,1,0,354,F,19,Orange,Bottom Section,9/28/2024,150.4,19,A,NA,62.8921,-143.7311,,,,,,,,,,
26,1,1,354,F,19,Orange,Bottom Section,10/16/2024,150.4,19,A,117,62.9232,-143.77421,,,,,,,,,,
26,1,4,354,F,19,Orange,Bottom Section,12/27/2024,150.4,19,A,86,62.9169747,-143.8201614,,,,,,,,,,
26,1,5,354,F,19,Orange,Bottom Section,3/17/2025,150.4,19,A,102,62.9151747,-143.7965581,,,,,,,,,,
26,1,6,354,F,19,Orange,Bottom Section,5/19/2025,150.4,19,M,117,62.9142297,-143.7946914,,,,,,,,,,
26,1,7,354,F,19,Orange,Bottom Section,6/11/2025,150.4,19,M,110,62.9164531,-143.7889031,,,,,,,,,,
26,1,8,354,F,19,Orange,Bottom Section,7/22/2025,150.4,19,M,105,62.9146381,-143.7936497,,,,,,,,,,
26,1,9,354,F,19,Orange,Bottom Section,9/8/2025,150.4,19,M,153,62.91449,-143.79589,,,,,,,,,,
26,1,10,354,F,19,Orange,Bottom Section,9/24/2025,150.4,19,M,144,62.91433,-143.79397,,,,,,,,,,
26,1,11,354,F,19,Orange,Bottom Section,10/10/2025,150.4,19,M,133,62.91492,-143.79482,,,,,,,,,,
26,1,13,354,F,19,Orange,Bottom Section,10/29/2025,150.4,19,M,163,62.91506,-143.7941,,,,,,,,,,
28,1,0,334,M,20,Orange,Bottom Section,9/28/2024,150.4,20,A,NA,62.8921,-143.7311,,,,,,,,,,
28,1,1,334,M,20,Orange,Bottom Section,10/16/2024,150.4,20,A,141,62.8122,-143.71561,,,,,,,,,,
28,1,2,334,M,20,Orange,Bottom Section,10/24/2024,150.4,20,A,119,62.71991,-143.85418,,,,,,,,,,
28,1,3,334,M,20,Orange,Bottom Section,11/1/2024,150.4,20,A,125,62.7191614,-143.8607464,,,,,,,,,,
28,1,4,334,M,20,Orange,Bottom Section,12/27/2024,150.4,20,A,124,62.8424931,-143.6952364,,,,,,,,,,
28,1,5,334,M,20,Orange,Bottom Section,3/17/2025,150.4,20,A,71,62.8942464,-143.7382381,,,,,,,,,,
28,1,6,334,M,20,Orange,Bottom Section,5/19/2025,150.4,20,M,88,62.8916014,-143.7430181,,,,,,,,,,
28,1,7,334,M,20,Orange,Bottom Section,6/11/2025,150.4,20,M,111,62.8909497,-143.7437364,,,,,,,,,,
28,1,8,334,M,20,Orange,Bottom Section,7/22/2025,150.4,20,M,90,62.8941314,-143.7477947,,,,,,,,,,
28,1,9,334,M,20,Orange,Bottom Section,9/8/2025,150.4,20,M,135,62.89124,-143.74837,,,,,,,,,,
28,1,10,334,M,20,Orange,Bottom Section,9/24/2025,150.4,20,M,149,62.89212,-143.74492,,,,,,,,,,
28,1,11,334,M,20,Orange,Bottom Section,10/10/2025,150.4,20,M,141,62.89241,-143.74632,,,,,,,,,,
28,1,12,334,M,20,Orange,Bottom Section,10/22/2025,150.4,20,M,162,62.89151,-143.74656,,,,,,,,,,
28,1,13,334,M,20,Orange,Bottom Section,10/29/2025,150.4,20,M,156,62.89233,-143.74811,,,,,,,,,,
18,1,0,360,F,21,Orange,Bottom Section,9/28/2024,150.4,21,A,NA,62.8921,-143.7311,,,,,,,,,,
18,1,1,360,F,21,Orange,Bottom Section,10/16/2024,150.4,21,A,123,62.91366,-143.79846,,,,,,,,,,
18,1,2,360,F,21,Orange,Bottom Section,10/24/2024,150.4,21,A,75,62.91589,-143.81338,,,,,,,,,,
18,1,3,360,F,21,Orange,Bottom Section,11/1/2024,150.4,21,A,103,62.9174197,-143.8164347,,,,,,,,,,
18,1,4,360,F,21,Orange,Bottom Section,12/27/2024,150.4,21,A,83,62.9151964,-143.7961281,,,,,,,,,,
18,1,5,360,F,21,Orange,Bottom Section,3/17/2025,150.4,21,M,104,62.9152364,-143.7989614,,,,,,,,,,
18,1,6,360,F,21,Orange,Bottom Section,5/19/2025,150.4,21,M,100,62.9150297,-143.8010581,,,,,,,,,,
18,1,7,360,F,21,Orange,Bottom Section,6/11/2025,150.4,21,M,71,62.9160581,-143.8120281,only 1 hit,,,,,,,,,
18,1,8,360,F,21,Orange,Bottom Section,7/22/2025,150.4,21,M,123,62.9164997,-143.8003347,,,,,,,,,,
18,1,9,360,F,21,Orange,Bottom Section,9/8/2025,150.4,21,M,189,62.91641,-143.80051,,,,,,,,,,
18,1,10,360,F,21,Orange,Bottom Section,9/24/2025,150.4,21,M,142,62.91514,-143.80509,,,,,,,,,,
18,1,11,360,F,21,Orange,Bottom Section,10/10/2025,150.4,21,M,162,62.91634,-143.80242,,,,,,,,,,
18,1,12,360,F,21,Orange,Bottom Section,10/22/2025,150.4,21,M,148,62.9158,-143.80241,,,,,,,,,,
18,1,13,360,F,21,Orange,Bottom Section,10/29/2025,150.4,21,M,179,62.91571,-143.80067,,,,,,,,,,
19,1,0,382,F,22,Orange,Bottom Section,9/28/2024,150.4,22,A,NA,62.8921,-143.7311,,,,,,,,,,
19,1,1,382,F,22,Orange,Bottom Section,10/16/2024,150.4,22,A,157,62.8381,-143.6971,,,,,,,,,,
19,1,2,382,F,22,Orange,Bottom Section,10/24/2024,150.4,22,M,109,62.84047,-143.69692,,,,,,,,,,
19,1,3,382,F,22,Orange,Bottom Section,11/1/2024,150.4,22,M,150,62.8387581,-143.6938297,,,,,,,,,,
19,1,4,382,F,22,Orange,Bottom Section,12/27/2024,150.4,22,M,137,62.8389981,-143.6932681,,,,,,,,,,
19,1,5,382,F,22,Orange,Bottom Section,3/17/2025,150.4,22,M,139,62.8387214,-143.6956031,,,,,,,,,,
19,1,6,382,F,22,Orange,Bottom Section,5/19/2025,150.4,22,M,124,62.8411047,-143.6961814,,,,,,,,,,
19,1,7,382,F,22,Orange,Bottom Section,6/11/2025,150.4,22,M,140,62.8382447,-143.6900914,,,,,,,,,,
19,1,8,382,F,22,Orange,Bottom Section,7/22/2025,150.4,22,M,159,62.8384147,-143.6929047,,,,,,,,,,
19,1,9,382,F,22,Orange,Bottom Section,9/8/2025,150.4,22,M,191,62.83802,-143.69389,,,,,,,,,,
19,1,10,382,F,22,Orange,Bottom Section,9/24/2025,150.4,22,M,185,62.83886,-143.69703,,,,,,,,,,
19,1,11,382,F,22,Orange,Bottom Section,10/10/2025,150.4,22,M,213,62.8401,-143.69706,,,,,,,,,,
19,1,13,382,F,22,Orange,Bottom Section,10/29/2025,150.4,22,M,179,62.83782,-143.6946,,,,,,,,,,
2,1,0,340,F,23,Red,Camp to Confluence,9/28/2024,150.4,23,A,NA,62.9022,-143.7605,,,,,,,,,,
2,1,3,340,F,23,Red,Camp to Confluence,11/1/2024,150.4,23,A,86,62.9184431,-143.8177947,,,,,,,,,,
2,1,4,340,F,23,Red,Camp to Confluence,12/27/2024,150.4,23,A,98,62.9149214,-143.8038464,,,,,,,,,,
2,1,5,340,F,23,Red,Camp to Confluence,3/17/2025,150.4,23,A,83,62.9145564,-143.7798547,,,,,,,,,,
2,1,6,340,F,23,Red,Camp to Confluence,5/19/2025,150.4,23,A,116,62.9145397,-143.7602031,,,,,,,,,,
2,1,7,340,F,23,Red,Camp to Confluence,6/11/2025,150.4,23,A,100,62.9183281,-143.7634797,,,,,,,,,,
2,1,11,340,F,23,Red,Camp to Confluence,10/10/2025,150.4,23,A,110,62.92427,-143.75367,only 1 hit,,,,,,,,,
2,1,12,340,F,23,Red,Camp to Confluence,10/22/2025,150.4,23,A,95,62.91584,-143.80914,only 1 hit,,,,,,,,,
2,1,13,340,F,23,Red,Camp to Confluence,10/29/2025,150.4,23,A,153,62.91685,-143.80754,,,,,,,,,,
20,1,0,356,M,24,Orange,Bottom Section,9/28/2024,150.4,24,A,NA,62.8921,-143.7311,,,,,,,,,,
20,1,1,356,M,24,Orange,Bottom Section,10/16/2024,150.4,24,A,161,62.90544,-143.83419,,,,,,,,,,
20,1,2,356,M,24,Orange,Bottom Section,10/24/2024,150.4,24,A,98,62.89887,-143.80293,,,,,,,,,,
20,1,3,356,M,24,Orange,Bottom Section,11/1/2024,150.4,24,A,129,62.8950747,-143.7930897,,,,,,,,,,
20,1,4,356,M,24,Orange,Bottom Section,12/27/2024,150.4,24,M,116,62.9005764,-143.7920531,,,,,,,,,,
20,1,5,356,M,24,Orange,Bottom Section,3/17/2025,150.4,24,M,126,62.9004514,-143.7942131,,,,,,,,,,
20,1,6,356,M,24,Orange,Bottom Section,5/19/2025,150.4,24,M,95,62.9010847,-143.7997681,,,,,,,,,,
20,1,7,356,M,24,Orange,Bottom Section,6/11/2025,150.4,24,M,100,62.8954647,-143.7905014,,,,,,,,,,
20,1,8,356,M,24,Orange,Bottom Section,7/22/2025,150.4,24,M,92,62.8944431,-143.7948347,,,,,,,,,,
20,1,9,356,M,24,Orange,Bottom Section,9/8/2025,150.4,24,M,167,62.89719,-143.78986,,,,,,,,,,
20,1,10,356,M,24,Orange,Bottom Section,9/24/2025,150.4,24,M,139,62.89473,-143.79324,,,,,,,,,,
20,1,11,356,M,24,Orange,Bottom Section,10/10/2025,150.4,24,M,145,62.89495,-143.79101,,,,,,,,,,
20,1,12,356,M,24,Orange,Bottom Section,10/22/2025,150.4,24,M,160,62.89685,-143.78701,,,,,,,,,,
20,1,13,356,M,24,Orange,Bottom Section,10/29/2025,150.4,24,M,166,62.89728,-143.78984,,,,,,,,,,
4,1,0,410,F,25,Red,Camp to Confluence,9/28/2024,150.4,25,A,NA,62.9022,-143.7605,,,,,,,,,,
4,1,1,410,F,25,Red,Camp to Confluence,10/16/2024,150.4,25,A,119,62.90431,-143.75065,,,,,,,,,,
4,1,3,410,F,25,Red,Camp to Confluence,11/1/2024,150.4,25,A,94,62.9150114,-143.8087431,,,,,,,,,,
4,1,4,410,F,25,Red,Camp to Confluence,12/27/2024,150.4,25,A,111,62.9157847,-143.8154681,,,,,,,,,,
4,1,6,410,F,25,Red,Camp to Confluence,5/19/2025,150.4,25,A,75,62.9242081,-143.7620081,,,,,,,,,,
30,1,0,390,F,26,Orange,Bottom Section,9/28/2024,150.4,26,A,NA,62.8921,-143.7311,,,,,,,,,,
30,1,1,390,F,26,Orange,Bottom Section,10/16/2024,150.4,26,A,153,62.88411,-143.74502,,,,,,,,,,
30,1,2,390,F,26,Orange,Bottom Section,10/24/2024,150.4,26,A,81,62.91332,-143.75856,,,,,,,,,,
30,1,4,390,F,26,Orange,Bottom Section,12/27/2024,150.4,26,A,119,62.9142314,-143.7953947,,,,,,,,,,
30,1,6,390,F,26,Orange,Bottom Section,5/19/2025,150.4,26,A,99,62.9146947,-143.7725881,,,,,,,,,,
30,1,7,390,F,26,Orange,Bottom Section,6/11/2025,150.4,26,A,61,62.9248481,-143.7669847,only 2 hits,,,,,,,,,
30,1,8,390,F,26,Orange,Bottom Section,7/22/2025,150.4,26,A,74,62.8228197,-143.6840797,only 1 hit,,,,,,,,,
30,1,9,390,F,26,Orange,Bottom Section,9/8/2025,150.4,26,A,152,62.82297,-143.68339,,,,,,,,,,
30,1,10,390,F,26,Orange,Bottom Section,9/24/2025,150.4,26,A,153,62.82064,-143.68653,,,,,,,,,,
30,1,11,390,F,26,Orange,Bottom Section,10/10/2025,150.4,26,A,151,62.81844,-143.68481,,,,,,,,,,
30,1,12,390,F,26,Orange,Bottom Section,10/22/2025,150.4,26,A,166,62.81983,-143.68432,,,,,,,,,,
30,1,13,390,F,26,Orange,Bottom Section,10/29/2025,150.4,26,A,159,62.82104,-143.68957,,,,,,,,,,
39,2,0,367,M,27,Orange,Bottom Section,9/28/2024,150.4,27,A,NA,62.8921,-143.7311,,,,,,,,,,
39,2,1,367,M,27,Orange,Bottom Section,10/16/2024,150.4,27,A,132,62.8904,-143.72808,,,,,,,,,,
39,2,3,367,M,27,Orange,Bottom Section,11/1/2024,150.4,27,A,78,62.9232264,-143.7669264,,,,,,,,,,
39,2,4,367,M,27,Orange,Bottom Section,12/27/2024,150.4,27,A,71,62.9176781,-143.8275214,,,,,,,,,,
39,2,6,367,M,27,Orange,Bottom Section,5/19/2025,150.4,27,A,91,62.9275731,-143.7508181,,,,,,,,,,
39,2,8,367,M,27,Orange,Bottom Section,7/22/2025,150.4,27,A,147,62.9160281,-143.7858331,,,,,,,,,,
39,2,9,367,M,27,Orange,Bottom Section,9/8/2025,150.4,27,A,77,62.9133897,-143.7606431,,,,,,,,,,
39,2,10,367,M,27,Orange,Bottom Section,9/24/2025,150.4,27,M,182,62.91511,-143.78629,,,,,,,,,,
39,2,11,367,M,27,Orange,Bottom Section,10/10/2025,150.4,27,M,179,62.91484,-143.78569,,,,,,,,,,
39,2,12,367,M,27,Orange,Bottom Section,10/22/2025,150.4,27,M,163,62.91527,-143.78384,,,,,,,,,,
39,2,13,367,M,27,Orange,Bottom Section,10/29/2025,150.4,27,M,115,62.91306,-143.77992,only 1 hit,,,,,,,,,
41,2,0,348,M,28,Blue,Lake Shore,9/28/2024,150.4,28,A,NA,62.915,-143.7578,,,,,,,,,,
41,2,1,348,M,28,Blue,Lake Shore,10/16/2024,150.4,28,A,109,62.91281,-143.78386,,,,,,,,,,
41,2,5,348,M,28,Blue,Lake Shore,3/17/2025,150.4,28,A,92,62.9152364,-143.7989614,,,,,,,,,,
41,2,6,348,M,28,Blue,Lake Shore,5/19/2025,150.4,28,A,80,62.9141997,-143.7958231,,,,,,,,,,
41,2,9,348,M,28,Blue,Lake Shore,9/8/2025,150.4,28,A,164,62.91303,-143.7671,only 1 hit,,,,,,,,,
41,2,10,348,M,28,Blue,Lake Shore,9/24/2025,150.4,28,A,138,62.76012,-143.77163,,,,,,,,,,
41,2,11,348,M,28,Blue,Lake Shore,10/10/2025,150.4,28,A,156,62.77331,-143.76458,,,,,,,,,,
41,2,12,348,M,28,Blue,Lake Shore,10/22/2025,150.4,28,A,129,62.75061,-143.77862,,,,,,,,,,
34,1,0,346,M,29,Orange,Bottom Section,9/28/2024,150.4,29,A,NA,62.8921,-143.7311,,,,,,,,,,
34,1,1,346,M,29,Orange,Bottom Section,10/16/2024,150.4,29,A,149,62.91035,-143.76026,,,,,,,,,,
34,1,2,346,M,29,Orange,Bottom Section,10/24/2024,150.4,29,A,110,62.91114,-143.75781,,,,,,,,,,
34,1,3,346,M,29,Orange,Bottom Section,11/1/2024,150.4,29,A,85,62.9166014,-143.8089947,,,,,,,,,,
34,1,4,346,M,29,Orange,Bottom Section,12/27/2024,150.4,29,A,125,62.9169114,-143.8188814,,,,,,,,,,
34,1,5,346,M,29,Orange,Bottom Section,3/17/2025,150.4,29,A,107,62.9171081,-143.8151714,,,,,,,,,,
34,1,6,346,M,29,Orange,Bottom Section,5/19/2025,150.4,29,A,116,62.9147947,-143.7805781,,,,,,,,,,
34,1,7,346,M,29,Orange,Bottom Section,6/11/2025,150.4,29,A,74,62.9234297,-143.7784547,only 1 hit,,,,,,,,,
34,1,9,346,M,29,Orange,Bottom Section,9/8/2025,150.4,29,A,127,62.9175,-143.76043,,,,,,,,,,
34,1,11,346,M,29,Orange,Bottom Section,10/10/2025,150.4,29,A,136,62.92,-143.76249,,,,,,,,,,
34,1,12,346,M,29,Orange,Bottom Section,10/22/2025,150.4,29,A,138,62.91917,-143.77387,,,,,,,,,,
34,1,13,346,M,29,Orange,Bottom Section,10/29/2025,150.4,29,A,105,62.91614,-143.80714,,,,,,,,,,
32,1,0,366,M,30,Orange,Bottom Section,9/28/2024,150.4,30,A,NA,62.8921,-143.7311,,,,,,,,,,
32,1,1,366,M,30,Orange,Bottom Section,10/16/2024,150.4,30,A,153,62.83868,-143.6936,,,,,,,,,,
32,1,3,366,M,30,Orange,Bottom Section,11/1/2024,150.4,30,A,68,62.9148747,-143.7987031,,,,,,,,,,
32,1,4,366,M,30,Orange,Bottom Section,12/27/2024,150.4,30,A,69,62.9180897,-143.8298014,,,,,,,,,,
32,1,5,366,M,30,Orange,Bottom Section,3/17/2025,150.4,30,A,91,62.9151114,-143.7985864,,,,,,,,,,
32,1,6,366,M,30,Orange,Bottom Section,5/19/2025,150.4,30,A,62,62.9152931,-143.7763414,only 1 hit,,,,,,,,,
32,1,7,366,M,30,Orange,Bottom Section,6/11/2025,150.4,30,A,77,62.9266864,-143.7500481,,,,,,,,,,
32,1,8,366,M,30,Orange,Bottom Section,7/22/2025,150.4,30,A,136,62.9172614,-143.7874531,,,,,,,,,,
32,1,9,366,M,30,Orange,Bottom Section,9/8/2025,150.4,30,A,105,62.91647,-143.76068,,,,,,,,,,
32,1,10,366,M,30,Orange,Bottom Section,9/24/2025,150.4,30,M,190,62.91634,-143.78266,,,,,,,,,,
32,1,11,366,M,30,Orange,Bottom Section,10/10/2025,150.4,30,M,212,62.91458,-143.78668,,,,,,,,,,
32,1,12,366,M,30,Orange,Bottom Section,10/22/2025,150.4,30,M,196,62.91412,-143.78674,,,,,,,,,,
32,1,13,366,M,30,Orange,Bottom Section,10/29/2025,150.4,30,M,158,62.91775,-143.78977,,,,,,,,,,
35,1,0,323,F,31,Orange,Bottom Section,9/28/2024,150.4,31,A,NA,62.8921,-143.7311,,,,,,,,,,
35,1,1,323,F,31,Orange,Bottom Section,10/16/2024,150.4,31,A,127,62.85711,-143.6948,,,,,,,,,,
35,1,2,323,F,31,Orange,Bottom Section,10/24/2024,150.4,31,A,98,62.82425,-143.68271,,,,,,,,,,
35,1,3,323,F,31,Orange,Bottom Section,11/1/2024,150.4,31,A,113,62.8196331,-143.6877497,,,,,,,,,,
35,1,4,323,F,31,Orange,Bottom Section,12/27/2024,150.4,31,A,109,62.9170114,-143.8207931,,,,,,,,,,
35,1,5,323,F,31,Orange,Bottom Section,3/17/2025,150.4,31,A,111,62.9155814,-143.7940131,,,,,,,,,,
35,1,6,323,F,31,Orange,Bottom Section,5/19/2025,150.4,31,A,107,62.8036731,-143.7375981,,,,,,,,,,
35,1,7,323,F,31,Orange,Bottom Section,6/11/2025,150.4,31,M,133,62.7635747,-143.7711514,,,,,,,,,,
35,1,8,323,F,31,Orange,Bottom Section,7/22/2025,150.4,31,M,123,62.7628814,-143.7714664,,,,,,,,,,
35,1,9,323,F,31,Orange,Bottom Section,9/8/2025,150.4,31,M,164,62.76432,-143.77175,,,,,,,,,,
35,1,10,323,F,31,Orange,Bottom Section,9/24/2025,150.4,31,M,177,62.76446,-143.77295,,,,,,,,,,
35,1,11,323,F,31,Orange,Bottom Section,10/10/2025,150.4,31,M,160,62.76177,-143.76947,,,,,,,,,,
35,1,12,323,F,31,Orange,Bottom Section,10/22/2025,150.4,31,M,160,62.76292,-143.76966,,,,,,,,,,
35,1,13,323,F,31,Orange,Bottom Section,10/29/2025,150.4,31,M,161,62.76279,-143.7693,,,,,,,,,,
40,2,0,342,M,32,Orange,Bottom Section,9/28/2024,150.4,32,A,NA,62.8921,-143.7311,,,,,,,,,,
40,2,1,342,M,32,Orange,Bottom Section,10/16/2024,150.4,32,A,96,62.88375,-143.72033,,,,,,,,,,
40,2,3,342,M,32,Orange,Bottom Section,11/1/2024,150.4,32,A,73,62.9119331,-143.7616247,,,,,,,,,,
40,2,4,342,M,32,Orange,Bottom Section,12/27/2024,150.4,32,A,93,62.9186281,-143.7798697,,,,,,,,,,
40,2,5,342,M,32,Orange,Bottom Section,3/17/2025,150.4,32,A,99,62.9191781,-143.8202647,,,,,,,,,,
40,2,6,342,M,32,Orange,Bottom Section,5/19/2025,150.4,32,A,70,62.9210747,-143.7760481,only 1 hit,,,,,,,,,
40,2,13,342,M,32,Orange,Bottom Section,10/29/2025,150.4,32,M,160,62.93407,-143.75059,,,,,,,,,,
38,2,0,376,M,33,Orange,Bottom Section,9/28/2024,150.4,33,A,NA,62.8921,-143.7311,,,,,,,,,,
38,2,1,376,M,33,Orange,Bottom Section,10/16/2024,150.4,33,A,134,62.74719,-143.77749,,,,,,,,,,
38,2,2,376,M,33,Orange,Bottom Section,10/24/2024,150.4,33,A,92,62.76,-143.77102,,,,,,,,,,
38,2,3,376,M,33,Orange,Bottom Section,11/1/2024,150.4,33,A,108,62.7483614,-143.7814847,,,,,,,,,,
38,2,4,376,M,33,Orange,Bottom Section,12/27/2024,150.4,33,A,109,62.7468331,-143.7824881,,,,,,,,,,
38,2,5,376,M,33,Orange,Bottom Section,3/17/2025,150.4,33,M,156,62.6688431,-144.2313581,,,,,,,,,,
38,2,6,376,M,33,Orange,Bottom Section,5/19/2025,150.4,33,M,129,62.6689414,-144.2324514,,,,,,,,,,
38,2,7,376,M,33,Orange,Bottom Section,6/11/2025,150.4,33,M,95,62.6686964,-144.2300531,,,,,,,,,,
38,2,8,376,M,33,Orange,Bottom Section,7/22/2025,150.4,33,M,115,62.6676797,-144.2329947,,,,,,,,,,
38,2,9,376,M,33,Orange,Bottom Section,9/8/2025,150.4,33,M,116,62.6672414,-144.2349131,,,,,,,,,,
38,2,10,376,M,33,Orange,Bottom Section,9/24/2025,150.4,33,M,151,62.66899,-144.23309,,,,,,,,,,
38,2,11,376,M,33,Orange,Bottom Section,10/10/2025,150.4,33,M,147,62.66903,-144.23214,,,,,,,,,,
38,2,12,376,M,33,Orange,Bottom Section,10/22/2025,150.4,33,M,165,62.66869,-144.23116,,,,,,,,,,
38,2,13,376,M,33,Orange,Bottom Section,10/29/2025,150.4,33,M,162,62.66897,-144.23244,,,,,,,,,,
45,2,0,355,M,34,Blue,Lake Shore,9/28/2024,150.4,34,A,NA,62.915,-143.7578,,,,,,,,,,
45,2,1,355,M,34,Blue,Lake Shore,10/16/2024,150.4,34,A,88,62.92241,-143.75578,,,,,,,,,,
45,2,2,355,M,34,Blue,Lake Shore,10/24/2024,150.4,34,A,99,62.92131,-143.75614,,,,,,,,,,
45,2,3,355,M,34,Blue,Lake Shore,11/1/2024,150.4,34,A,118,62.9144747,-143.7934614,,,,,,,,,,
45,2,4,355,M,34,Blue,Lake Shore,12/27/2024,150.4,34,A,90,62.9155131,-143.7976481,,,,,,,,,,
45,2,5,355,M,34,Blue,Lake Shore,3/17/2025,150.4,34,A,95,62.9142981,-143.7902014,,,,,,,,,,
45,2,6,355,M,34,Blue,Lake Shore,5/19/2025,150.4,34,A,91,62.9140047,-143.7842164,only 1 hit,,,,,,,,,
29,1,0,353,M,35,Orange,Bottom Section,9/28/2024,150.4,35,A,NA,62.8921,-143.7311,,,,,,,,,,
29,1,1,353,M,35,Orange,Bottom Section,10/16/2024,150.4,35,A,117,62.83427,-143.69386,,,,,,,,,,
29,1,2,353,M,35,Orange,Bottom Section,10/24/2024,150.4,35,A,89,62.77504,-143.77094,,,,,,,,,,
29,1,3,353,M,35,Orange,Bottom Section,11/1/2024,150.4,35,A,106,62.7367697,-143.8193464,,,,,,,,,,
29,1,4,353,M,35,Orange,Bottom Section,12/27/2024,150.4,35,A,108,62.7328947,-143.8264831,,,,,,,,,,
29,1,5,353,M,35,Orange,Bottom Section,3/17/2025,150.4,35,A,109,62.7324297,-143.8274864,,,,,,,,,,
29,1,6,353,M,35,Orange,Bottom Section,5/19/2025,150.4,35,A,103,62.7190464,-143.8791014,,,,,,,,,,
29,1,7,353,M,35,Orange,Bottom Section,6/11/2025,150.4,35,M,98,62.6992981,-144.0031247,,,,,,,,,,
29,1,8,353,M,35,Orange,Bottom Section,7/22/2025,150.4,35,M,96,62.7014114,-143.9845814,,,,,,,,,,
31,1,0,358,M,36,Orange,Bottom Section,9/28/2024,150.4,36,A,NA,62.8921,-143.7311,,,,,,,,,,
31,1,1,358,M,36,Orange,Bottom Section,10/16/2024,150.4,36,A,133,62.88046,-143.71451,,,,,,,,,,
31,1,2,358,M,36,Orange,Bottom Section,10/24/2024,150.4,36,A,75,62.83984,-143.69657,,,,,,,,,,
31,1,3,358,M,36,Orange,Bottom Section,11/1/2024,150.4,36,A,105,62.8794214,-143.7140797,,,,,,,,,,
31,1,5,358,M,36,Orange,Bottom Section,3/17/2025,150.4,36,A,94,62.9151331,-143.7928314,,,,,,,,,,
31,1,6,358,M,36,Orange,Bottom Section,5/19/2025,150.4,36,A,101,62.9255764,-143.7518947,,,,,,,,,,
48,2,0,350,M,37,Blue,Lake Shore,9/28/2024,150.4,37,A,NA,62.915,-143.7578,,,,,,,,,,
48,2,1,350,M,37,Blue,Lake Shore,10/16/2024,150.4,37,A,161,62.90281,-143.76558,,,,,,,,,,
48,2,2,350,M,37,Blue,Lake Shore,10/24/2024,150.4,37,A,113,62.91394,-143.75869,,,,,,,,,,
48,2,3,350,M,37,Blue,Lake Shore,11/1/2024,150.4,37,A,77,62.9163414,-143.8068581,,,,,,,,,,
48,2,4,350,M,37,Blue,Lake Shore,12/27/2024,150.4,37,A,119,62.9170481,-143.8154764,,,,,,,,,,
48,2,5,350,M,37,Blue,Lake Shore,3/17/2025,150.4,37,A,129,62.9173614,-143.8138331,,,,,,,,,,
48,2,6,350,M,37,Blue,Lake Shore,5/19/2025,150.4,37,A,84,62.9143264,-143.7971764,,,,,,,,,,
48,2,8,350,M,37,Blue,Lake Shore,7/22/2025,150.4,37,A,82,62.9165264,-143.8080947,only 1 hit,,,,,,,,,
48,2,9,350,M,37,Blue,Lake Shore,9/8/2025,150.4,37,M,165,62.93507,-143.73764,,,,,,,,,,
48,2,10,350,M,37,Blue,Lake Shore,9/24/2025,150.4,37,M,114,62.9237,-143.75416,,,,,,,,,,
48,2,11,350,M,37,Blue,Lake Shore,10/10/2025,150.4,37,M,202,62.9332,-143.73636,,,,,,,,,,
48,2,12,350,M,37,Blue,Lake Shore,10/22/2025,150.4,37,M,180,62.93507,-143.73708,,,,,,,,,,
48,2,13,350,M,37,Blue,Lake Shore,10/29/2025,150.4,37,M,192,62.93189,-143.7343,,,,,,,,,,
36,2,0,348,F,38,Orange,Bottom Section,9/28/2024,150.4,38,A,NA,62.8921,-143.7311,,,,,,,,,,
36,2,1,348,F,38,Orange,Bottom Section,10/16/2024,150.4,38,A,86,62.8891,-143.74364,,,,,,,,,,
36,2,3,348,F,38,Orange,Bottom Section,11/1/2024,150.4,38,A,73,62.9252981,-143.7596964,,,,,,,,,,
36,2,4,348,F,38,Orange,Bottom Section,12/27/2024,150.4,38,A,102,62.9129397,-143.7815581,,,,,,,,,,
36,2,11,348,F,38,Orange,Bottom Section,10/10/2025,150.4,38,M,126,62.93122,-143.74331,only 1 hit,,,,,,,,,
47,2,0,351,M,39,Blue,Lake Shore,9/28/2024,150.4,39,A,NA,62.915,-143.7578,,,,,,,,,,
47,2,1,351,M,39,Blue,Lake Shore,10/16/2024,150.4,39,A,161,62.9051,-143.7852,,,,,,,,,,
47,2,2,351,M,39,Blue,Lake Shore,10/24/2024,150.4,39,A,135,62.90001,-143.74792,,,,,,,,,,
47,2,3,351,M,39,Blue,Lake Shore,11/1/2024,150.4,39,A,122,62.9113814,-143.7877031,,,,,,,,,,
47,2,4,351,M,39,Blue,Lake Shore,12/27/2024,150.4,39,A,64,62.9185997,-143.7781847,,,,,,,,,,
47,2,5,351,M,39,Blue,Lake Shore,3/17/2025,150.4,39,A,70,62.9104731,-143.7627097,,,,,,,,,,
47,2,6,351,M,39,Blue,Lake Shore,5/19/2025,150.4,39,A,99,62.9141564,-143.7940414,,,,,,,,,,
37,2,0,358,M,40,Orange,Bottom Section,9/28/2024,150.4,40,A,NA,62.8921,-143.7311,,,,,,,,,,
37,2,1,358,M,40,Orange,Bottom Section,10/16/2024,150.4,40,A,158,62.89945,-143.74522,,,,,,,,,,
37,2,2,358,M,40,Orange,Bottom Section,10/24/2024,150.4,40,A,102,62.89783,-143.74367,,,,,,,,,,
37,2,3,358,M,40,Orange,Bottom Section,11/1/2024,150.4,40,A,60,62.9146514,-143.7856464,,,,,,,,,,
37,2,4,358,M,40,Orange,Bottom Section,12/27/2024,150.4,40,M,92,62.9140247,-143.7854064,,,,,,,,,,
37,2,5,358,M,40,Orange,Bottom Section,3/17/2025,150.4,40,M,62,62.9112647,-143.7844864,,,,,,,,,,
37,2,7,358,M,40,Orange,Bottom Section,6/11/2025,150.4,40,M,90,62.9152847,-143.7854947,,,,,,,,,,
37,2,8,358,M,40,Orange,Bottom Section,7/22/2025,150.4,40,M,134,62.9162314,-143.7846781,,,,,,,,,,
37,2,9,358,M,40,Orange,Bottom Section,9/8/2025,150.4,40,M,201,62.91653,-143.78163,,,,,,,,,,
37,2,10,358,M,40,Orange,Bottom Section,9/24/2025,150.4,40,M,197,62.91542,-143.7851,,,,,,,,,,
37,2,11,358,M,40,Orange,Bottom Section,10/10/2025,150.4,40,M,207,62.91502,-143.7839,,,,,,,,,,
37,2,12,358,M,40,Orange,Bottom Section,10/22/2025,150.4,40,M,208,62.91438,-143.78489,,,,,,,,,,
37,2,13,358,M,40,Orange,Bottom Section,10/29/2025,150.4,40,M,213,62.91531,-143.78794,,,,,,,,,,
42,2,0,344,M,41,Blue,Lake Shore,9/28/2024,150.4,41,A,NA,62.915,-143.7578,,,,,,,,,,
42,2,1,344,M,41,Blue,Lake Shore,10/16/2024,150.4,41,A,152,62.90011,-143.74379,,,,,,,,,,
42,2,2,344,M,41,Blue,Lake Shore,10/24/2024,150.4,41,A,104,62.91461,-143.78698,,,,,,,,,,
42,2,3,344,M,41,Blue,Lake Shore,11/1/2024,150.4,41,A,75,62.9158864,-143.8061131,,,,,,,,,,
42,2,4,344,M,41,Blue,Lake Shore,12/27/2024,150.4,41,A,118,62.9130131,-143.7973214,,,,,,,,,,
42,2,6,344,M,41,Blue,Lake Shore,5/19/2025,150.4,41,A,113,62.9125347,-143.7875664,,,,,,,,,,
44,2,0,385,F,42,Blue,Lake Shore,9/28/2024,150.4,42,A,NA,62.915,-143.7578,,,,,,,,,,
44,2,1,385,F,42,Blue,Lake Shore,10/16/2024,150.4,42,A,88,62.89449,-143.73774,,,,,,,,,,
44,2,3,385,F,42,Blue,Lake Shore,11/1/2024,150.4,42,A,56,62.9146931,-143.7952497,,,,,,,,,,
44,2,4,385,F,42,Blue,Lake Shore,12/27/2024,150.4,42,A,99,62.9177797,-143.7828281,,,,,,,,,,
44,2,5,385,F,42,Blue,Lake Shore,3/17/2025,150.4,42,A,76,62.9113097,-143.7850847,,,,,,,,,,
44,2,6,385,F,42,Blue,Lake Shore,5/19/2025,150.4,42,A,97,62.9115247,-143.7590314,,,,,,,,,,
44,2,7,385,F,42,Blue,Lake Shore,6/11/2025,150.4,42,A,92,62.9167447,-143.7728847,only 1 hit,,,,,,,,,
44,2,8,385,F,42,Blue,Lake Shore,7/22/2025,150.4,42,M,152,62.9161281,-143.7852514,,,,,,,,,,
44,2,9,385,F,42,Blue,Lake Shore,9/8/2025,150.4,42,M,112,62.91727,-143.76986,,,,,,,,,,
44,2,10,385,F,42,Blue,Lake Shore,9/24/2025,150.4,42,M,202,62.91573,-143.78407,,,,,,,,,,
44,2,11,385,F,42,Blue,Lake Shore,10/10/2025,150.4,42,M,193,62.91525,-143.78277,,,,,,,,,,
44,2,12,385,F,42,Blue,Lake Shore,10/22/2025,150.4,42,M,160,62.91695,-143.78885,,,,,,,,,,
44,2,13,385,F,42,Blue,Lake Shore,10/29/2025,150.4,42,M,179,62.91517,-143.78907,,,,,,,,,,
43,2,0,358,F,43,Blue,Lake Shore,9/28/2024,150.4,43,A,NA,62.915,-143.7578,,,,,,,,,,
43,2,1,358,F,43,Blue,Lake Shore,10/16/2024,150.4,43,A,129,62.91668,-143.80227,,,,,,,,,,
43,2,4,358,F,43,Blue,Lake Shore,12/27/2024,150.4,43,A,126,62.7312297,-143.8287397,,,,,,,,,,
43,2,5,358,F,43,Blue,Lake Shore,3/17/2025,150.4,43,A,119,62.9145731,-143.7933631,,,,,,,,,,
43,2,6,358,F,43,Blue,Lake Shore,5/19/2025,150.4,43,A,120,62.8662197,-143.7386647,,,,,,,,,,
43,2,7,358,F,43,Blue,Lake Shore,6/11/2025,150.4,43,M,136,62.8654547,-143.7416247,,,,,,,,,,
49,2,0,394,M,44,Blue,Lake Shore,9/28/2024,150.4,44,A,NA,62.915,-143.7578,,,,,,,,,,
49,2,1,394,M,44,Blue,Lake Shore,10/16/2024,150.4,44,A,157,62.90151,-143.77443,,,,,,,,,,
49,2,2,394,M,44,Blue,Lake Shore,10/24/2024,150.4,44,A,108,62.90073,-143.76705,,,,,,,,,,
49,2,3,394,M,44,Blue,Lake Shore,11/1/2024,150.4,44,A,80,62.9161647,-143.7762914,,,,,,,,,,
49,2,4,394,M,44,Blue,Lake Shore,12/27/2024,150.4,44,A,101,62.9165464,-143.8066447,,,,,,,,,,
49,2,5,394,M,44,Blue,Lake Shore,3/17/2025,150.4,44,A,88,62.9142481,-143.7843781,,,,,,,,,,
49,2,6,394,M,44,Blue,Lake Shore,5/19/2025,150.4,44,A,59,62.9128814,-143.7921931,only 1 hit,,,,,,,,,
60,2,0,384,M,45,Purple,Mentasta Creek,9/28/2024,150.4,45,A,NA,62.9057,-143.7531,,,,,,,,,,
60,2,1,384,M,45,Purple,Mentasta Creek,10/16/2024,150.4,45,A,141,62.88743,-143.72734,,,,,,,,,,
60,2,3,384,M,45,Purple,Mentasta Creek,11/1/2024,150.4,45,A,127,62.7843647,-143.7588097,,,,,,,,,,
60,2,4,384,M,45,Purple,Mentasta Creek,12/27/2024,150.4,45,A,120,62.7769964,-143.7705281,,,,,,,,,,
60,2,5,384,M,45,Purple,Mentasta Creek,3/17/2025,150.4,45,M,75,62.7429231,-143.7926147,,,,,,,,,,
60,2,6,384,M,45,Purple,Mentasta Creek,5/19/2025,150.4,45,M,107,62.7431464,-143.8030081,,,,,,,,,,
60,2,7,384,M,45,Purple,Mentasta Creek,6/11/2025,150.4,45,M,101,62.7430381,-143.8010231,,,,,,,,,,
60,2,8,384,M,45,Purple,Mentasta Creek,7/22/2025,150.4,45,M,110,62.7451914,-143.8014414,,,,,,,,,,
60,2,9,384,M,45,Purple,Mentasta Creek,9/8/2025,150.4,45,M,92,62.7438164,-143.8044247,only 1 hit,,,,,,,,,
60,2,13,384,M,45,Purple,Mentasta Creek,10/29/2025,150.4,45,M,116,62.74454,-143.79966,only 1 hit,,,,,,,,,
33,1,0,397,M,46,Orange,Bottom Section,9/28/2024,150.4,46,A,NA,62.8921,-143.7311,,,,,,,,,,
33,1,1,397,M,46,Orange,Bottom Section,10/16/2024,150.4,46,A,131,62.83449,-143.69427,,,,,,,,,,
33,1,2,397,M,46,Orange,Bottom Section,10/24/2024,150.4,46,A,82,62.66563,-144.19688,,,,,,,,,,
33,1,3,397,M,46,Orange,Bottom Section,11/1/2024,150.4,46,A,106,62.6674064,-144.3216531,,,,,,,,,,
33,1,4,397,M,46,Orange,Bottom Section,12/27/2024,150.4,46,A,101,62.6417047,-144.4338797,,,,,,,,,,
33,1,5,397,M,46,Orange,Bottom Section,3/17/2025,150.4,46,M,110,62.4288664,-144.8973981,,,,,,,,,,
33,1,6,397,M,46,Orange,Bottom Section,5/19/2025,150.4,46,M,133,62.4298697,-144.9003497,,,,,,,,,,
33,1,7,397,M,46,Orange,Bottom Section,6/11/2025,150.4,46,M,99,62.4340247,-144.8987731,,,,,,,,,,
33,1,8,397,M,46,Orange,Bottom Section,7/22/2025,150.4,46,M,124,62.4308447,-144.8988331,,,,,,,,,,
33,1,9,397,M,46,Orange,Bottom Section,9/8/2025,150.4,46,M,83,62.4215331,-144.9382481,,,,,,,,,,
33,1,10,397,M,46,Orange,Bottom Section,9/24/2025,150.4,46,M,180,62.41014,-144.95175,,,,,,,,,,
33,1,11,397,M,46,Orange,Bottom Section,10/10/2025,150.4,46,M,158,62.40873,-144.95355,,,,,,,,,,
33,1,12,397,M,46,Orange,Bottom Section,10/22/2025,150.4,46,M,159,62.41219,-144.95399,,,,,,,,,,
33,1,13,397,M,46,Orange,Bottom Section,10/29/2025,150.4,46,M,166,62.40991,-144.9523,,,,,,,,,,
56,2,0,379,M,47,Purple,Mentasta Creek,9/28/2024,150.4,47,A,NA,62.9057,-143.7531,,,,,,,,,,
56,2,1,379,M,47,Purple,Mentasta Creek,10/16/2024,150.4,47,A,86,62.90325,-143.77594,,,,,,,,,,
56,2,2,379,M,47,Purple,Mentasta Creek,10/24/2024,150.4,47,A,106,62.91463,-143.78428,,,,,,,,,,
56,2,3,379,M,47,Purple,Mentasta Creek,11/1/2024,150.4,47,A,43,62.9150814,-143.8119414,,,,,,,,,,
56,2,4,379,M,47,Purple,Mentasta Creek,12/27/2024,150.4,47,A,107,62.9169314,-143.8181531,,,,,,,,,,
56,2,5,379,M,47,Purple,Mentasta Creek,3/17/2025,150.4,47,A,126,62.9186331,-143.8168131,,,,,,,,,,
56,2,6,379,M,47,Purple,Mentasta Creek,5/19/2025,150.4,47,A,83,62.9137831,-143.7979331,,,,,,,,,,
56,2,8,379,M,47,Purple,Mentasta Creek,7/22/2025,150.4,47,A,114,62.9164114,-143.7997014,,,,,,,,,,
56,2,9,379,M,47,Purple,Mentasta Creek,9/8/2025,150.4,47,A,107,62.91745,-143.78821,only 1 hit,,,,,,,,,
46,2,0,350,M,48,Blue,Lake Shore,9/28/2024,150.4,48,A,NA,62.915,-143.7578,,,,,,,,,,
46,2,1,350,M,48,Blue,Lake Shore,10/16/2024,150.4,48,A,112,62.91679,-143.81438,,,,,,,,,,
46,2,3,350,M,48,Blue,Lake Shore,11/1/2024,150.4,48,A,87,62.9151997,-143.8007881,,,,,,,,,,
46,2,4,350,M,48,Blue,Lake Shore,12/27/2024,150.4,48,A,129,62.9176814,-143.7838464,,,,,,,,,,
46,2,5,350,M,48,Blue,Lake Shore,3/17/2025,150.4,48,M,113,62.9162414,-143.7886447,,,,,,,,,,
46,2,6,350,M,48,Blue,Lake Shore,5/19/2025,150.4,48,M,129,62.9177264,-143.7890647,,,,,,,,,,
46,2,7,350,M,48,Blue,Lake Shore,6/11/2025,150.4,48,M,88,62.9150014,-143.7871531,only 2 hits,,,,,,,,,
46,2,8,350,M,48,Blue,Lake Shore,7/22/2025,150.4,48,M,96,62.9185431,-143.7857397,,,,,,,,,,
46,2,10,350,M,48,Blue,Lake Shore,9/24/2025,150.4,48,M,151,62.91799,-143.78736,,,,,,,,,,
46,2,11,350,M,48,Blue,Lake Shore,10/10/2025,150.4,48,M,123,62.91845,-143.7859,only 1 hit,,,,,,,,,
46,2,12,350,M,48,Blue,Lake Shore,10/22/2025,150.4,48,M,110,62.9154,-143.78319,only 1 hit,,,,,,,,,
46,2,13,350,M,48,Blue,Lake Shore,10/29/2025,150.4,48,M,118,62.91906,-143.7937,,,,,,,,,,
59,2,0,396,M,49,Purple,Mentasta Creek,9/28/2024,150.4,49,A,NA,62.9057,-143.7531,,,,,,,,,,
59,2,1,396,M,49,Purple,Mentasta Creek,10/16/2024,150.4,49,A,158,62.90039,-143.80457,,,,,,,,,,
59,2,2,396,M,49,Purple,Mentasta Creek,10/24/2024,150.4,49,A,113,62.90068,-143.78222,,,,,,,,,,
59,2,3,396,M,49,Purple,Mentasta Creek,11/1/2024,150.4,49,A,96,62.9146747,-143.7674781,,,,,,,,,,
59,2,4,396,M,49,Purple,Mentasta Creek,12/27/2024,150.4,49,M,62,62.9152314,-143.7909497,,,,,,,,,,
59,2,5,396,M,49,Purple,Mentasta Creek,3/17/2025,150.4,49,M,94,62.9164081,-143.8018297,,,,,,,,,,
59,2,6,396,M,49,Purple,Mentasta Creek,5/19/2025,150.4,49,M,80,62.9134614,-143.7771831,,,,,,,,,,
59,2,7,396,M,49,Purple,Mentasta Creek,6/11/2025,150.4,49,M,133,62.9149731,-143.7879597,,,,,,,,,,
59,2,8,396,M,49,Purple,Mentasta Creek,7/22/2025,150.4,49,M,78,62.9146014,-143.7962447,only 1 hit,,,,,,,,,
59,2,9,396,M,49,Purple,Mentasta Creek,9/8/2025,150.4,49,M,175,62.91414,-143.79056,,,,,,,,,,
59,2,10,396,M,49,Purple,Mentasta Creek,9/24/2025,150.4,49,M,175,62.91439,-143.78885,,,,,,,,,,
59,2,11,396,M,49,Purple,Mentasta Creek,10/10/2025,150.4,49,M,144,62.91483,-143.79084,,,,,,,,,,
59,2,12,396,M,49,Purple,Mentasta Creek,10/22/2025,150.4,49,M,121,62.91277,-143.78386,,,,,,,,,,
59,2,13,396,M,49,Purple,Mentasta Creek,10/29/2025,150.4,49,M,135,62.91944,-143.7882,,,,,,,,,,
50,2,0,378,M,50,Blue,Lake Shore,9/28/2024,150.4,50,A,NA,62.915,-143.7578,,,,,,,,,,
50,2,1,378,M,50,Blue,Lake Shore,10/16/2024,150.4,50,A,128,62.90245,-143.78841,,,,,,,,,,
50,2,2,378,M,50,Blue,Lake Shore,10/24/2024,150.4,50,A,96,62.91469,-143.77953,,,,,,,,,,
50,2,3,378,M,50,Blue,Lake Shore,11/1/2024,150.4,50,A,67,62.9166947,-143.7799531,,,,,,,,,,
50,2,4,378,M,50,Blue,Lake Shore,12/27/2024,150.4,50,A,122,62.9147831,-143.7806031,,,,,,,,,,
50,2,5,378,M,50,Blue,Lake Shore,3/17/2025,150.4,50,A,95,62.9144247,-143.7838197,,,,,,,,,,
50,2,6,378,M,50,Blue,Lake Shore,5/19/2025,150.4,50,A,110,62.9177264,-143.7890647,,,,,,,,,,
50,2,7,378,M,50,Blue,Lake Shore,6/11/2025,150.4,50,A,70,62.9244681,-143.7804497,only 1 hit,,,,,,,,,
50,2,9,378,M,50,Blue,Lake Shore,9/8/2025,150.4,50,A,148,62.9322581,-143.7495214,,,,,,,,,,
50,2,10,378,M,50,Blue,Lake Shore,9/24/2025,150.4,50,A,147,62.92916,-143.74491,,,,,,,,,,
50,2,11,378,M,50,Blue,Lake Shore,10/10/2025,150.4,50,M,161,62.93324,-143.75263,,,,,,,,,,
50,2,12,378,M,50,Blue,Lake Shore,10/22/2025,150.4,50,M,187,62.93155,-143.7502,,,,,,,,,,
50,2,13,378,M,50,Blue,Lake Shore,10/29/2025,150.4,50,M,187,62.93129,-143.75207,,,,,,,,,,
78,3,0,354,M,51,Red,Allotment to Camp,9/29/2024,150.4,51,A,NA,62.904,-143.7787,,,,,,,,,,
78,3,1,354,M,51,Red,Allotment to Camp,10/16/2024,150.4,51,A,96,62.90246,-143.77793,,,,,,,,,,
78,3,4,354,M,51,Red,Allotment to Camp,12/27/2024,150.4,51,A,111,62.9155864,-143.7800331,,,,,,,,,,
78,3,5,354,M,51,Red,Allotment to Camp,3/17/2025,150.4,51,A,88,62.9148847,-143.7885597,,,,,,,,,,
78,3,6,354,M,51,Red,Allotment to Camp,5/19/2025,150.4,51,A,110,62.9286431,-143.7601431,,,,,,,,,,
78,3,7,354,M,51,Red,Allotment to Camp,6/11/2025,150.4,51,A,84,62.9247881,-143.7805314,only 2 hits,,,,,,,,,
78,3,8,354,M,51,Red,Allotment to Camp,7/22/2025,150.4,51,A,78,62.9246681,-143.7693831,,,,,,,,,,
78,3,11,354,M,51,Red,Allotment to Camp,10/10/2025,150.4,51,A,106,62.91542,-143.80061,only 1 hit,,,,,,,,,
78,3,12,354,M,51,Red,Allotment to Camp,10/22/2025,150.4,51,A,111,62.92459,-143.77152,only 1 hit,,,,,,,,,
78,3,13,354,M,51,Red,Allotment to Camp,10/29/2025,150.4,51,A,116,62.91581,-143.80469,,,,,,,,,,
79,3,0,359,M,52,Red,Allotment to Camp,9/29/2024,150.4,52,A,NA,62.904,-143.7787,,,,,,,,,,
79,3,1,359,M,52,Red,Allotment to Camp,10/16/2024,150.4,52,A,140,62.89049,-143.73232,,,,,,,,,,
79,3,3,359,M,52,Red,Allotment to Camp,11/1/2024,150.4,52,A,56,62.9170597,-143.8106131,,,,,,,,,,
79,3,4,359,M,52,Red,Allotment to Camp,12/27/2024,150.4,52,A,100,62.9140647,-143.7991747,,,,,,,,,,
79,3,5,359,M,52,Red,Allotment to Camp,3/17/2025,150.4,52,A,128,62.9184631,-143.8156447,,,,,,,,,,
79,3,6,359,M,52,Red,Allotment to Camp,5/19/2025,150.4,52,A,120,62.9167497,-143.8194147,,,,,,,,,,
79,3,7,359,M,52,Red,Allotment to Camp,6/11/2025,150.4,52,A,81,62.9195914,-143.7738997,,,,,,,,,,
79,3,8,359,M,52,Red,Allotment to Camp,7/22/2025,150.4,52,A,89,62.9167414,-143.8099947,,,,,,,,,,
79,3,9,359,M,52,Red,Allotment to Camp,9/8/2025,150.4,52,A,104,62.91611,-143.79782,,,,,,,,,,
100,3,0,370,F,53,Red,Top Run,9/29/2024,150.4,53,A,NA,62.9015,-143.7888,,,,,,,,,,
100,3,1,370,F,53,Red,Top Run,10/16/2024,150.4,53,M,120,62.87442,-143.70528,,,,,,,,,,
100,3,2,370,F,53,Red,Top Run,10/24/2024,150.4,53,M,82,62.87399,-143.70625,,,,,,,,,,
100,3,4,370,F,53,Red,Top Run,12/27/2024,150.4,53,M,103,62.8754047,-143.7040131,,,,,,,,,,
100,3,5,370,F,53,Red,Top Run,3/17/2025,150.4,53,M,108,62.8753064,-143.7086081,,,,,,,,,,
100,3,6,370,F,53,Red,Top Run,5/19/2025,150.4,53,M,123,62.8750247,-143.7044414,,,,,,,,,,
100,3,7,370,F,53,Red,Top Run,6/11/2025,150.4,53,M,128,62.8751797,-143.7042564,,,,,,,,,,
100,3,9,370,F,53,Red,Top Run,9/8/2025,150.4,53,M,163,62.87312,-143.70647,,,,,,,,,,
100,3,10,370,F,53,Red,Top Run,9/24/2025,150.4,53,M,156,62.87497,-143.70476,,,,,,,,,,
100,3,11,370,F,53,Red,Top Run,10/10/2025,150.4,53,M,172,62.87314,-143.70635,,,,,,,,,,
100,3,12,370,F,53,Red,Top Run,10/22/2025,150.4,53,M,159,62.87409,-143.70288,,,,,,,,,,
100,3,13,370,F,53,Red,Top Run,10/29/2025,150.4,53,M,165,62.87475,-143.70475,,,,,,,,,,
110,4,0,347,F,54,Red,Top Run,9/29/2024,150.4,54,A,NA,62.9015,-143.7888,,,,,,,,,,
110,4,2,347,F,54,Red,Top Run,10/24/2024,150.4,54,A,75,62.84144,-143.69726,,,,,,,,,,
110,4,3,347,F,54,Red,Top Run,11/1/2024,150.4,54,A,125,62.8150397,-143.7034297,,,,,,,,,,
110,4,4,347,F,54,Red,Top Run,12/27/2024,150.4,54,A,108,62.8247331,-143.6837947,,,,,,,,,,
110,4,5,347,F,54,Red,Top Run,3/17/2025,150.4,54,M,158,62.8903164,-143.7330947,,,,,,,,,,
110,4,6,347,F,54,Red,Top Run,5/19/2025,150.4,54,M,124,62.8917131,-143.7334864,,,,,,,,,,
110,4,7,347,F,54,Red,Top Run,6/11/2025,150.4,54,M,113,62.8902264,-143.7387331,,,,,,,,,,
110,4,8,347,F,54,Red,Top Run,7/22/2025,150.4,54,M,83,62.8925097,-143.7350864,,,,,,,,,,
110,4,9,347,F,54,Red,Top Run,9/8/2025,150.4,54,M,121,62.89295,-143.73627,,,,,,,,,,
110,4,10,347,F,54,Red,Top Run,9/24/2025,150.4,54,M,129,62.89102,-143.74193,,,,,,,,,,
110,4,11,347,F,54,Red,Top Run,10/10/2025,150.4,54,M,125,62.89184,-143.73449,,,,,,,,,,
110,4,12,347,F,54,Red,Top Run,10/22/2025,150.4,54,M,147,62.89001,-143.73608,,,,,,,,,,
110,4,13,347,F,54,Red,Top Run,10/29/2025,150.4,54,M,122,62.89012,-143.74471,,,,,,,,,,
96,4,0,354,M,55,Red,Allotment to Camp,9/29/2024,150.4,55,A,NA,62.904,-143.7787,,,,,,,,,,
96,4,1,354,M,55,Red,Allotment to Camp,10/16/2024,150.4,55,A,126,62.90248,-143.79109,,,,,,,,,,
96,4,2,354,M,55,Red,Allotment to Camp,10/24/2024,150.4,55,A,127,62.90092,-143.76422,,,,,,,,,,
96,4,3,354,M,55,Red,Allotment to Camp,11/1/2024,150.4,55,A,56,62.9156264,-143.8066097,,,,,,,,,,
96,4,5,354,M,55,Red,Allotment to Camp,3/17/2025,150.4,55,A,124,62.9178564,-143.8185347,,,,,,,,,,
96,4,6,354,M,55,Red,Allotment to Camp,5/19/2025,150.4,55,A,125,62.9171714,-143.8218747,,,,,,,,,,
96,4,7,354,M,55,Red,Allotment to Camp,6/11/2025,150.4,55,M,136,62.9175264,-143.8214647,,,,,,,,,,
96,4,8,354,M,55,Red,Allotment to Camp,7/22/2025,150.4,55,M,131,62.9174031,-143.8214981,,,,,,,,,,
96,4,9,354,M,55,Red,Allotment to Camp,9/8/2025,150.4,55,M,177,62.9166,-143.8222,,,,,,,,,,
96,4,10,354,M,55,Red,Allotment to Camp,9/24/2025,150.4,55,M,185,62.91774,-143.82306,,,,,,,,,,
96,4,11,354,M,55,Red,Allotment to Camp,10/10/2025,150.4,55,M,185,62.91707,-143.82207,,,,,,,,,,
96,4,12,354,M,55,Red,Allotment to Camp,10/22/2025,150.4,55,M,183,62.91806,-143.82112,,,,,,,,,,
96,4,13,354,M,55,Red,Allotment to Camp,10/29/2025,150.4,55,M,134,62.92066,-143.82464,,,,,,,,,,
104,3,0,357,F,56,Red,Top Run,9/29/2024,150.4,56,A,NA,62.9015,-143.7888,,,,,,,,,,
104,3,1,357,F,56,Red,Top Run,10/16/2024,150.4,56,A,155,62.91784,-143.81711,,,,,,,,,,
104,3,2,357,F,56,Red,Top Run,10/24/2024,150.4,56,A,84,62.9188,-143.81589,,,,,,,,,,
104,3,3,357,F,56,Red,Top Run,11/1/2024,150.4,56,A,108,62.9182097,-143.8220564,,,,,,,,,,
104,3,4,357,F,56,Red,Top Run,12/27/2024,150.4,56,A,111,62.9186414,-143.8151781,,,,,,,,,,
104,3,5,357,F,56,Red,Top Run,3/17/2025,150.4,56,A,105,62.9156547,-143.7958864,,,,,,,,,,
81,3,0,342,M,57,Red,Allotment to Camp,9/29/2024,150.4,57,A,NA,62.904,-143.7787,,,,,,,,,,
81,3,1,342,M,57,Red,Allotment to Camp,10/16/2024,150.4,57,A,128,62.89772,-143.74139,,,,,,,,,,
81,3,2,342,M,57,Red,Allotment to Camp,10/24/2024,150.4,57,A,101,62.8976,-143.74452,,,,,,,,,,
81,3,4,342,M,57,Red,Allotment to Camp,12/27/2024,150.4,57,A,95,62.9161447,-143.7983364,,,,,,,,,,
81,3,6,342,M,57,Red,Allotment to Camp,5/19/2025,150.4,57,A,100,62.9176031,-143.8192564,,,,,,,,,,
81,3,7,342,M,57,Red,Allotment to Camp,6/11/2025,150.4,57,A,84,62.9245664,-143.7810314,only 1 hit,,,,,,,,,
81,3,8,342,M,57,Red,Allotment to Camp,7/22/2025,150.4,57,A,89,62.9168797,-143.8152964,only 1 hit,,,,,,,,,
81,3,9,342,M,57,Red,Allotment to Camp,9/8/2025,150.4,57,A,148,62.91709,-143.81636,,,,,,,,,,
81,3,10,342,M,57,Red,Allotment to Camp,9/24/2025,150.4,57,M,150,62.91656,-143.81549,,,,,,,,,,
81,3,11,342,M,57,Red,Allotment to Camp,10/10/2025,150.4,57,M,129,62.91697,-143.81587,,,,,,,,,,
81,3,12,342,M,57,Red,Allotment to Camp,10/22/2025,150.4,57,M,139,62.91687,-143.81651,,,,,,,,,,
81,3,13,342,M,57,Red,Allotment to Camp,10/29/2025,150.4,57,M,130,62.91728,-143.81659,,,,,,,,,,
102,3,0,328,F,58,Red,Top Run,9/29/2024,150.4,58,A,NA,62.9015,-143.7888,,,,,,,,,,
102,3,1,328,F,58,Red,Top Run,10/16/2024,150.4,58,A,114,62.91305,-143.78109,,,,,,,,,,
102,3,2,328,F,58,Red,Top Run,10/24/2024,150.4,58,A,115,62.90964,-143.75676,,,,,,,,,,
102,3,3,328,F,58,Red,Top Run,11/1/2024,150.4,58,A,62,62.9152331,-143.7993097,,,,,,,,,,
102,3,4,328,F,58,Red,Top Run,12/27/2024,150.4,58,A,119,62.9155864,-143.7800331,,,,,,,,,,
102,3,5,328,F,58,Red,Top Run,3/17/2025,150.4,58,A,108,62.9148097,-143.7811214,,,,,,,,,,
102,3,6,328,F,58,Red,Top Run,5/19/2025,150.4,58,A,122,62.9270897,-143.7493047,,,,,,,,,,
102,3,7,328,F,58,Red,Top Run,6/11/2025,150.4,58,A,75,62.9236897,-143.7743047,,,,,,,,,,
102,3,8,328,F,58,Red,Top Run,7/22/2025,150.4,58,A,91,62.9164214,-143.8068364,,,,,,,,,,
102,3,9,328,F,58,Red,Top Run,9/8/2025,150.4,58,A,184,62.91633,-143.76243,,,,,,,,,,
102,3,10,328,F,58,Red,Top Run,9/24/2025,150.4,58,A,180,62.91702,-143.76012,,,,,,,,,,
102,3,11,328,F,58,Red,Top Run,10/10/2025,150.4,58,A,104,62.92484,-143.77021,only 1 hit,,,,,,,,,
102,3,12,328,F,58,Red,Top Run,10/22/2025,150.4,58,A,151,62.91502,-143.79576,,,,,,,,,,
105,4,0,375,F,59,Red,Top Run,9/29/2024,150.4,59,A,NA,62.9015,-143.7888,,,,,,,,,,
105,4,1,375,F,59,Red,Top Run,10/16/2024,150.4,59,A,93,62.91469,-143.80542,,,,,,,,,,
105,4,4,375,F,59,Red,Top Run,12/27/2024,150.4,59,A,101,62.9130131,-143.7973214,,,,,,,,,,
92,4,0,339,M,60,Red,Allotment to Camp,9/29/2024,150.4,60,A,NA,62.904,-143.7787,,,,,,,,,,
92,4,1,339,M,60,Red,Allotment to Camp,10/16/2024,150.4,60,A,152,62.89231,-143.73209,,,,,,,,,,
92,4,3,339,M,60,Red,Allotment to Camp,11/1/2024,150.4,60,A,115,62.8988414,-143.7470297,,,,,,,,,,
92,4,4,339,M,60,Red,Allotment to Camp,12/27/2024,150.4,60,A,97,62.9172314,-143.8141964,,,,,,,,,,
92,4,5,339,M,60,Red,Allotment to Camp,3/17/2025,150.4,60,A,130,62.9169847,-143.8244631,,,,,,,,,,
92,4,6,339,M,60,Red,Allotment to Camp,5/19/2025,150.4,60,M,124,62.9166314,-143.8214081,,,,,,,,,,
92,4,7,339,M,60,Red,Allotment to Camp,6/11/2025,150.4,60,M,131,62.9175831,-143.8221347,,,,,,,,,,
92,4,8,339,M,60,Red,Allotment to Camp,7/22/2025,150.4,60,M,118,62.9174364,-143.8208631,,,,,,,,,,
92,4,9,339,M,60,Red,Allotment to Camp,9/8/2025,150.4,60,M,160,62.91605,-143.8195,,,,,,,,,,
92,4,10,339,M,60,Red,Allotment to Camp,9/24/2025,150.4,60,M,170,62.91794,-143.82329,,,,,,,,,,
92,4,11,339,M,60,Red,Allotment to Camp,10/10/2025,150.4,60,M,151,62.91694,-143.82406,,,,,,,,,,
92,4,12,339,M,60,Red,Allotment to Camp,10/22/2025,150.4,60,M,165,62.91817,-143.82316,,,,,,,,,,
92,4,13,339,M,60,Red,Allotment to Camp,10/29/2025,150.4,60,M,185,62.91705,-143.82448,,,,,,,,,,
93,4,0,359,M,61,Red,Allotment to Camp,9/29/2024,150.4,61,A,NA,62.904,-143.7787,,,,,,,,,,
93,4,1,359,M,61,Red,Allotment to Camp,10/16/2024,150.4,61,A,142,62.89796,-143.79303,,,,,,,,,,
93,4,3,359,M,61,Red,Allotment to Camp,11/1/2024,150.4,61,A,99,62.9149397,-143.7949281,,,,,,,,,,
93,4,4,359,M,61,Red,Allotment to Camp,12/27/2024,150.4,61,A,109,62.9184014,-143.8210164,,,,,,,,,,
93,4,5,359,M,61,Red,Allotment to Camp,3/17/2025,150.4,61,A,101,62.9183747,-143.8150597,,,,,,,,,,
93,4,6,359,M,61,Red,Allotment to Camp,5/19/2025,150.4,61,A,111,62.9183997,-143.7662964,,,,,,,,,,
93,4,7,359,M,61,Red,Allotment to Camp,6/11/2025,150.4,61,A,102,62.9061581,-143.7544947,,,,,,,,,,
93,4,8,359,M,61,Red,Allotment to Camp,7/22/2025,150.4,61,M,72,62.9166664,-143.8093581,only 1 hit,,,,,,,,,
98,3,0,340,F,62,Red,Top Run,9/29/2024,150.4,62,A,NA,62.9015,-143.7888,,,,,,,,,,
98,3,1,340,F,62,Red,Top Run,10/16/2024,150.4,62,A,148,62.90197,-143.75594,,,,,,,,,,
98,3,3,340,F,62,Red,Top Run,11/1/2024,150.4,62,A,100,62.9176547,-143.8128514,,,,,,,,,,
98,3,4,340,F,62,Red,Top Run,12/27/2024,150.4,62,A,118,62.9144731,-143.7905447,,,,,,,,,,
98,3,5,340,F,62,Red,Top Run,3/17/2025,150.4,62,A,82,62.9164881,-143.8069031,,,,,,,,,,
98,3,6,340,F,62,Red,Top Run,5/19/2025,150.4,62,A,114,62.9273047,-143.7511147,,,,,,,,,,
98,3,7,340,F,62,Red,Top Run,6/11/2025,150.4,62,A,115,62.9333781,-143.7284931,,,,,,,,,,
98,3,8,340,F,62,Red,Top Run,7/22/2025,150.4,62,M,118,62.9335097,-143.7255364,,,,,,,,,,
98,3,9,340,F,62,Red,Top Run,9/8/2025,150.4,62,M,172,62.93423,-143.72488,,,,,,,,,,
98,3,10,340,F,62,Red,Top Run,9/24/2025,150.4,62,M,147,62.93277,-143.73055,,,,,,,,,,
98,3,11,340,F,62,Red,Top Run,10/10/2025,150.4,62,M,152,62.93349,-143.72955,,,,,,,,,,
98,3,12,340,F,62,Red,Top Run,10/22/2025,150.4,62,M,157,62.93567,-143.72638,,,,,,,,,,
98,3,13,340,F,62,Red,Top Run,10/29/2025,150.4,62,M,112,62.92934,-143.72331,,,,,,,,,,
99,3,0,348,F,63,Red,Top Run,9/29/2024,150.4,63,A,NA,62.9015,-143.7888,,,,,,,,,,
99,3,1,348,F,63,Red,Top Run,10/16/2024,150.4,63,A,125,62.91381,-143.76015,,,,,,,,,,
99,3,3,348,F,63,Red,Top Run,11/1/2024,150.4,63,A,120,62.9143164,-143.7984581,,,,,,,,,,
99,3,4,348,F,63,Red,Top Run,12/27/2024,150.4,63,A,94,62.9162931,-143.8101281,,,,,,,,,,
99,3,5,348,F,63,Red,Top Run,3/17/2025,150.4,63,A,103,62.9196197,-143.8231164,,,,,,,,,,
99,3,6,348,F,63,Red,Top Run,5/19/2025,150.4,63,A,103,62.9158297,-143.7818981,,,,,,,,,,
99,3,7,348,F,63,Red,Top Run,6/11/2025,150.4,63,A,98,62.9133464,-143.7800614,,,,,,,,,,
99,3,8,348,F,63,Red,Top Run,7/22/2025,150.4,63,A,103,62.9173247,-143.8128264,,,,,,,,,,
99,3,9,348,F,63,Red,Top Run,9/8/2025,150.4,63,A,114,62.9349,-143.74021,only 1 hit,,,,,,,,,
99,3,13,348,F,63,Red,Top Run,10/29/2025,150.4,63,A,115,62.91661,-143.80635,only 1 hit,,,,,,,,,
101,3,0,351,F,64,Red,Top Run,9/29/2024,150.4,64,A,NA,62.9015,-143.7888,,,,,,,,,,
101,3,1,351,F,64,Red,Top Run,10/16/2024,150.4,64,A,149,62.89314,-143.7339,,,,,,,,,,
101,3,3,351,F,64,Red,Top Run,11/1/2024,150.4,64,A,62,62.7501781,-143.7803914,,,,,,,,,,
101,3,4,351,F,64,Red,Top Run,12/27/2024,150.4,64,A,91,62.7542047,-143.7767531,,,,,,,,,,
101,3,5,351,F,64,Red,Top Run,3/17/2025,150.4,64,A,86,62.7542131,-143.7733047,,,,,,,,,,
101,3,6,351,F,64,Red,Top Run,5/19/2025,150.4,64,A,108,62.7722131,-143.7682881,,,,,,,,,,
101,3,7,351,F,64,Red,Top Run,6/11/2025,150.4,64,A,128,62.7682631,-143.7707997,,,,,,,,,,
101,3,8,351,F,64,Red,Top Run,7/22/2025,150.4,64,A,108,62.7713097,-143.7662064,,,,,,,,,,
101,3,9,351,F,64,Red,Top Run,9/8/2025,150.4,64,M,146,62.76814,-143.77134,,,,,,,,,,
101,3,10,351,F,64,Red,Top Run,9/24/2025,150.4,64,M,168,62.76752,-143.7729,,,,,,,,,,
101,3,11,351,F,64,Red,Top Run,10/10/2025,150.4,64,M,153,62.76793,-143.77279,,,,,,,,,,
101,3,12,351,F,64,Red,Top Run,10/22/2025,150.4,64,M,136,62.76698,-143.76985,,,,,,,,,,
101,3,13,351,F,64,Red,Top Run,10/29/2025,150.4,64,M,147,62.76894,-143.77431,,,,,,,,,,
103,3,0,361,F,65,Red,Top Run,9/29/2024,150.4,65,A,NA,62.9015,-143.7888,,,,,,,,,,
103,3,1,361,F,65,Red,Top Run,10/16/2024,150.4,65,A,149,62.84908,-143.69145,,,,,,,,,,
103,3,2,361,F,65,Red,Top Run,10/24/2024,150.4,65,A,106,62.82425,-143.68271,,,,,,,,,,
103,3,4,361,F,65,Red,Top Run,12/27/2024,150.4,65,M,97,62.7885181,-143.7566981,,,,,,,,,,
103,3,5,361,F,65,Red,Top Run,3/17/2025,150.4,65,M,138,62.7868281,-143.7605731,,,,,,,,,,
103,3,6,361,F,65,Red,Top Run,5/19/2025,150.4,65,M,147,62.7879547,-143.7608497,,,,,,,,,,
103,3,7,361,F,65,Red,Top Run,6/11/2025,150.4,65,M,146,62.7880247,-143.7603231,,,,,,,,,,
103,3,8,361,F,65,Red,Top Run,7/22/2025,150.4,65,M,110,62.7879047,-143.7606081,,,,,,,,,,
103,3,9,361,F,65,Red,Top Run,9/8/2025,150.4,65,M,168,62.78876,-143.75992,,,,,,,,,,
103,3,10,361,F,65,Red,Top Run,9/24/2025,150.4,65,M,172,62.78692,-143.76139,,,,,,,,,,
103,3,11,361,F,65,Red,Top Run,10/10/2025,150.4,65,M,162,62.78649,-143.76155,,,,,,,,,,
103,3,12,361,F,65,Red,Top Run,10/22/2025,150.4,65,M,120,62.79208,-143.75754,,,,,,,,,,
103,3,13,361,F,65,Red,Top Run,10/29/2025,150.4,65,M,174,62.78907,-143.76388,,,,,,,,,,
108,4,0,366,M,66,Red,Top Run,9/29/2024,150.4,66,A,NA,62.9015,-143.7888,,,,,,,,,,
108,4,1,366,M,66,Red,Top Run,10/16/2024,150.4,66,A,137,62.89211,-143.73161,,,,,,,,,,
108,4,2,366,M,66,Red,Top Run,10/24/2024,150.4,66,A,117,62.75992,-143.77619,,,,,,,,,,
108,4,3,366,M,66,Red,Top Run,11/1/2024,150.4,66,A,114,62.7306447,-143.8308831,,,,,,,,,,
108,4,4,366,M,66,Red,Top Run,12/27/2024,150.4,66,A,101,62.7348047,-143.8206931,,,,,,,,,,
111,4,0,366,M,67,Red,Top Run,9/29/2024,150.4,67,A,NA,62.9015,-143.7888,,,,,,,,,,
111,4,1,366,M,67,Red,Top Run,10/16/2024,150.4,67,A,125,62.90087,-143.76936,,,,,,,,,,
111,4,2,366,M,67,Red,Top Run,10/24/2024,150.4,67,A,144,62.90373,-143.77657,,,,,,,,,,
111,4,3,366,M,67,Red,Top Run,11/1/2024,150.4,67,A,85,62.9248814,-143.7575781,,,,,,,,,,
111,4,4,366,M,67,Red,Top Run,12/27/2024,150.4,67,A,104,62.9143564,-143.7838564,,,,,,,,,,
111,4,5,366,M,67,Red,Top Run,3/17/2025,150.4,67,A,64,62.9173381,-143.7694997,,,,,,,,,,
111,4,6,366,M,67,Red,Top Run,5/19/2025,150.4,67,A,66,62.9251697,-143.7609147,,,,,,,,,,
111,4,7,366,M,67,Red,Top Run,6/11/2025,150.4,67,A,95,62.9294431,-143.7542231,,,,,,,,,,
111,4,8,366,M,67,Red,Top Run,7/22/2025,150.4,67,A,125,62.9164664,-143.8074647,,,,,,,,,,
95,4,0,342,F,68,Red,Allotment to Camp,9/29/2024,150.4,68,A,NA,62.904,-143.7787,,,,,,,,,,
95,4,1,342,F,68,Red,Allotment to Camp,10/16/2024,150.4,68,A,127,62.91821,-143.78862,,,,,,,,,,
95,4,2,342,F,68,Red,Allotment to Camp,10/24/2024,150.4,68,A,99,62.87453,-143.70446,,,,,,,,,,
95,4,3,342,F,68,Red,Allotment to Camp,11/1/2024,150.4,68,A,105,62.8771347,-143.7178147,,,,,,,,,,
95,4,4,342,F,68,Red,Allotment to Camp,12/27/2024,150.4,68,A,141,62.8372564,-143.6928847,,,,,,,,,,
95,4,5,342,F,68,Red,Allotment to Camp,3/17/2025,150.4,68,M,96,62.8307997,-143.6880547,,,,,,,,,,
95,4,6,342,F,68,Red,Allotment to Camp,5/19/2025,150.4,68,M,99,62.8329531,-143.6932864,,,,,,,,,,
95,4,7,342,F,68,Red,Allotment to Camp,6/11/2025,150.4,68,M,117,62.8317514,-143.6865881,,,,,,,,,,
95,4,8,342,F,68,Red,Allotment to Camp,7/22/2025,150.4,68,M,90,62.8323947,-143.6869781,,,,,,,,,,
95,4,9,342,F,68,Red,Allotment to Camp,9/8/2025,150.4,68,M,153,62.83247,-143.68975,,,,,,,,,,
95,4,10,342,F,68,Red,Allotment to Camp,9/24/2025,150.4,68,M,159,62.83242,-143.68812,,,,,,,,,,
95,4,11,342,F,68,Red,Allotment to Camp,10/10/2025,150.4,68,M,142,62.83203,-143.68819,,,,,,,,,,
95,4,12,342,F,68,Red,Allotment to Camp,10/22/2025,150.4,68,M,157,62.83278,-143.68819,,,,,,,,,,
95,4,13,342,F,68,Red,Allotment to Camp,10/29/2025,150.4,68,M,179,62.8319,-143.68891,,,,,,,,,,
109,4,0,408,F,69,Red,Top Run,9/29/2024,150.4,69,A,NA,62.9015,-143.7888,,,,,,,,,,
109,4,1,408,F,69,Red,Top Run,10/16/2024,150.4,69,A,95,62.91614,-143.79199,,,,,,,,,,
109,4,2,408,F,69,Red,Top Run,10/24/2024,150.4,69,A,91,62.91467,-143.78091,,,,,,,,,,
109,4,3,408,F,69,Red,Top Run,11/1/2024,150.4,69,A,89,62.9142564,-143.7882897,,,,,,,,,,
109,4,4,408,F,69,Red,Top Run,12/27/2024,150.4,69,A,86,62.9139931,-143.7812614,,,,,,,,,,
109,4,5,408,F,69,Red,Top Run,3/17/2025,150.4,69,A,98,62.9150181,-143.7970947,,,,,,,,,,
109,4,6,408,F,69,Red,Top Run,5/19/2025,150.4,69,A,110,62.8245631,-143.6859364,,,,,,,,,,
109,4,7,408,F,69,Red,Top Run,6/11/2025,150.4,69,A,99,62.8215531,-143.6855831,,,,,,,,,,
109,4,8,408,F,69,Red,Top Run,7/22/2025,150.4,69,A,98,62.8171147,-143.6941014,,,,,,,,,,
109,4,9,408,F,69,Red,Top Run,9/8/2025,150.4,69,A,116,62.81741,-143.69648,,,,,,,,,,
109,4,10,408,F,69,Red,Top Run,9/24/2025,150.4,69,A,161,62.82014,-143.69913,,,,,,,,,,
109,4,13,408,F,69,Red,Top Run,10/29/2025,150.4,69,A,120,62.82113,-143.69344,,,,,,,,,,
97,4,0,355,M,70,Red,Allotment to Camp,9/29/2024,150.4,70,A,NA,62.904,-143.7787,,,,,,,,,,
97,4,1,355,M,70,Red,Allotment to Camp,10/16/2024,150.4,70,A,115,62.89064,-143.72847,,,,,,,,,,
97,4,3,355,M,70,Red,Allotment to Camp,11/1/2024,150.4,70,A,120,62.8440364,-143.6933664,,,,,,,,,,
97,4,4,355,M,70,Red,Allotment to Camp,12/27/2024,150.4,70,M,127,62.6995281,-143.9926631,,,,,,,,,,
97,4,5,355,M,70,Red,Allotment to Camp,3/17/2025,150.4,70,M,156,62.6993881,-143.9933397,,,,,,,,,,
97,4,6,355,M,70,Red,Allotment to Camp,5/19/2025,150.4,70,M,124,62.6984964,-143.9969431,,,,,,,,,,
97,4,7,355,M,70,Red,Allotment to Camp,6/11/2025,150.4,70,M,105,62.6993297,-144.0036781,,,,,,,,,,
97,4,8,355,M,70,Red,Allotment to Camp,7/22/2025,150.4,70,M,115,62.7007547,-143.9968597,,,,,,,,,,
97,4,9,355,M,70,Red,Allotment to Camp,9/8/2025,150.4,70,M,124,62.70089,-143.99902,,,,,,,,,,
97,4,10,355,M,70,Red,Allotment to Camp,9/24/2025,150.4,70,M,132,62.70225,-143.99769,,,,,,,,,,
97,4,11,355,M,70,Red,Allotment to Camp,10/10/2025,150.4,70,M,149,62.69836,-144.00167,,,,,,,,,,
97,4,12,355,M,70,Red,Allotment to Camp,10/22/2025,150.4,70,M,141,62.69942,-143.99908,,,,,,,,,,
97,4,13,355,M,70,Red,Allotment to Camp,10/29/2025,150.4,70,M,176,62.69932,-143.9968,,,,,,,,,,
106,4,0,346,F,71,Red,Top Run,9/29/2024,150.4,71,A,NA,62.9015,-143.7888,,,,,,,,,,
106,4,1,346,F,71,Red,Top Run,10/16/2024,150.4,71,M,140,62.84401,-143.69346,,,,,,,,,,
106,4,2,346,F,71,Red,Top Run,10/24/2024,150.4,71,M,88,62.84544,-143.69365,,,,,,,,,,
106,4,3,346,F,71,Red,Top Run,11/1/2024,150.4,71,M,98,62.8428164,-143.6930414,,,,,,,,,,
106,4,4,346,F,71,Red,Top Run,12/27/2024,150.4,71,M,128,62.8451047,-143.6952881,,,,,,,,,,
106,4,5,346,F,71,Red,Top Run,3/17/2025,150.4,71,M,83,62.8492131,-143.6948881,,,,,,,,,,
106,4,6,346,F,71,Red,Top Run,5/19/2025,150.4,71,M,120,62.8457014,-143.6948431,,,,,,,,,,
106,4,7,346,F,71,Red,Top Run,6/11/2025,150.4,71,M,111,62.8454131,-143.6978281,,,,,,,,,,
106,4,8,346,F,71,Red,Top Run,7/22/2025,150.4,71,M,111,62.8434047,-143.6971464,,,,,,,,,,
106,4,9,346,F,71,Red,Top Run,9/8/2025,150.4,71,M,155,62.84529,-143.69314,,,,,,,,,,
106,4,10,346,F,71,Red,Top Run,9/24/2025,150.4,71,M,166,62.84427,-143.69362,,,,,,,,,,
106,4,11,346,F,71,Red,Top Run,10/10/2025,150.4,71,M,150,62.84377,-143.69762,,,,,,,,,,
106,4,12,346,F,71,Red,Top Run,10/22/2025,150.4,71,M,157,62.84329,-143.6977,,,,,,,,,,
106,4,13,346,F,71,Red,Top Run,10/29/2025,150.4,71,M,159,62.84402,-143.69468,,,,,,,,,,
112,4,0,372,M,72,Red,Top Run,9/29/2024,150.4,72,A,NA,62.9015,-143.7888,,,,,,,,,,
112,4,1,372,M,72,Red,Top Run,10/16/2024,150.4,72,A,135,62.90317,-143.77786,,,,,,,,,,
112,4,3,372,M,72,Red,Top Run,11/1/2024,150.4,72,A,88,62.9181664,-143.8159347,,,,,,,,,,
112,4,4,372,M,72,Red,Top Run,12/27/2024,150.4,72,A,96,62.9169097,-143.8167897,,,,,,,,,,
112,4,5,372,M,72,Red,Top Run,3/17/2025,150.4,72,A,116,62.9169081,-143.8157881,,,,,,,,,,
112,4,6,372,M,72,Red,Top Run,5/19/2025,150.4,72,A,102,62.9256314,-143.7756614,,,,,,,,,,
112,4,8,372,M,72,Red,Top Run,7/22/2025,150.4,72,M,101,62.9169981,-143.8118881,,,,,,,,,,
112,4,9,372,M,72,Red,Top Run,9/8/2025,150.4,72,M,166,62.91614,-143.81724,,,,,,,,,,
112,4,10,372,M,72,Red,Top Run,9/24/2025,150.4,72,M,154,62.91702,-143.81747,,,,,,,,,,
112,4,11,372,M,72,Red,Top Run,10/10/2025,150.4,72,M,148,62.91766,-143.8154,,,,,,,,,,
112,4,12,372,M,72,Red,Top Run,10/22/2025,150.4,72,M,156,62.91737,-143.8135,,,,,,,,,,
112,4,13,372,M,72,Red,Top Run,10/29/2025,150.4,72,M,159,62.9166,-143.81777,,,,,,,,,,
107,4,0,344,F,73,Red,Top Run,9/29/2024,150.4,73,A,NA,62.9015,-143.7888,,,,,,,,,,
107,4,1,344,F,73,Red,Top Run,10/16/2024,150.4,73,A,139,62.90059,-143.75832,,,,,,,,,,
107,4,3,344,F,73,Red,Top Run,11/1/2024,150.4,73,A,104,62.9175197,-143.8122647,,,,,,,,,,
107,4,4,344,F,73,Red,Top Run,12/27/2024,150.4,73,A,48,62.9146164,-143.7648164,,,,,,,,,,
107,4,5,344,F,73,Red,Top Run,3/17/2025,150.4,73,A,94,62.9153064,-143.7995831,,,,,,,,,,
107,4,9,344,F,73,Red,Top Run,9/8/2025,150.4,73,M,109,62.91617,-143.81122,only 1 hit,,,,,,,,,
107,4,13,344,F,73,Red,Top Run,10/29/2025,150.4,73,M,121,62.91549,-143.8104,only 1 hit,,,,,,,,,
80,3,0,373,M,74,Red,Allotment to Camp,9/29/2024,150.4,74,A,NA,62.904,-143.7787,,,,,,,,,,
80,3,1,373,M,74,Red,Allotment to Camp,10/16/2024,150.4,74,A,165,62.89902,-143.8034,,,,,,,,,,
80,3,2,373,M,74,Red,Allotment to Camp,10/24/2024,150.4,74,A,130,62.89898,-143.80316,,,,,,,,,,
80,3,3,373,M,74,Red,Allotment to Camp,11/1/2024,150.4,74,A,112,62.9161114,-143.7633214,,,,,,,,,,
80,3,4,373,M,74,Red,Allotment to Camp,12/27/2024,150.4,74,A,114,62.9150497,-143.7803947,,,,,,,,,,
80,3,5,373,M,74,Red,Allotment to Camp,3/17/2025,150.4,74,M,96,62.9163647,-143.7647514,,,,,,,,,,
80,3,6,373,M,74,Red,Allotment to Camp,5/19/2025,150.4,74,M,114,62.9173931,-143.7715947,,,,,,,,,,
80,3,7,373,M,74,Red,Allotment to Camp,6/11/2025,150.4,74,M,96,62.9184047,-143.7663247,,,,,,,,,,
80,3,8,373,M,74,Red,Allotment to Camp,7/22/2025,150.4,74,M,106,62.9184464,-143.7690431,,,,,,,,,,
80,3,10,373,M,74,Red,Allotment to Camp,9/24/2025,150.4,74,M,99,62.92105,-143.77185,only 1 hit,,,,,,,,,
80,3,11,373,M,74,Red,Allotment to Camp,10/10/2025,150.4,74,M,134,62.91744,-143.77273,,,,,,,,,,
80,3,12,373,M,74,Red,Allotment to Camp,10/22/2025,150.4,74,M,119,62.91752,-143.77467,,,,,,,,,,
80,3,13,373,M,74,Red,Allotment to Camp,10/29/2025,150.4,74,M,144,62.91807,-143.77115,,,,,,,,,,
94,4,0,374,M,75,Red,Allotment to Camp,9/29/2024,150.4,75,A,NA,62.904,-143.7787,,,,,,,,,,
94,4,1,374,M,75,Red,Allotment to Camp,10/16/2024,150.4,75,A,124,62.90003,-143.80682,,,,,,,,,,
94,4,2,374,M,75,Red,Allotment to Camp,10/24/2024,150.4,75,A,133,62.89896,-143.79886,,,,,,,,,,
94,4,3,374,M,75,Red,Allotment to Camp,11/1/2024,150.4,75,A,90,62.9126947,-143.7600231,,,,,,,,,,
94,4,4,374,M,75,Red,Allotment to Camp,12/27/2024,150.4,75,A,135,62.9171264,-143.8205097,,,,,,,,,,
94,4,5,374,M,75,Red,Allotment to Camp,3/17/2025,150.4,75,A,111,62.9165147,-143.8084347,,,,,,,,,,
94,4,6,374,M,75,Red,Allotment to Camp,5/19/2025,150.4,75,M,115,62.9125381,-143.7855831,,,,,,,,,,
94,4,7,374,M,75,Red,Allotment to Camp,6/11/2025,150.4,75,M,110,62.9120531,-143.7855431,,,,,,,,,,
94,4,8,374,M,75,Red,Allotment to Camp,7/22/2025,150.4,75,M,115,62.9114697,-143.7845464,,,,,,,,,,
94,4,9,374,M,75,Red,Allotment to Camp,9/8/2025,150.4,75,M,129,62.91593,-143.78287,,,,,,,,,,
94,4,10,374,M,75,Red,Allotment to Camp,9/24/2025,150.4,75,M,112,62.91674,-143.78167,,,,,,,,,,
94,4,11,374,M,75,Red,Allotment to Camp,10/10/2025,150.4,75,M,150,62.91149,-143.78568,,,,,,,,,,
94,4,12,374,M,75,Red,Allotment to Camp,10/22/2025,150.4,75,M,145,62.91265,-143.78444,,,,,,,,,,
94,4,13,374,M,75,Red,Allotment to Camp,10/29/2025,150.4,75,M,137,62.91277,-143.78292,,,,,,,,,,
90,4,0,350,M,76,Red,Allotment to Camp,9/29/2024,150.4,76,A,NA,62.904,-143.7787,,,,,,,,,,
90,4,1,350,M,76,Red,Allotment to Camp,10/16/2024,150.4,76,A,169,62.90038,-143.75567,,,,,,,,,,
90,4,3,350,M,76,Red,Allotment to Camp,11/1/2024,150.4,76,A,111,62.9224414,-143.7797397,,,,,,,,,,
90,4,4,350,M,76,Red,Allotment to Camp,12/27/2024,150.4,76,A,119,62.9167447,-143.8144297,,,,,,,,,,
90,4,5,350,M,76,Red,Allotment to Camp,3/17/2025,150.4,76,A,120,62.9155014,-143.7963914,,,,,,,,,,
90,4,6,350,M,76,Red,Allotment to Camp,5/19/2025,150.4,76,A,133,62.9277264,-143.7841481,,,,,,,,,,
90,4,7,350,M,76,Red,Allotment to Camp,6/11/2025,150.4,76,A,79,62.9142614,-143.8028131,only 1 hit,,,,,,,,,
90,4,8,350,M,76,Red,Allotment to Camp,7/22/2025,150.4,76,M,89,62.9175897,-143.8160914,,,,,,,,,,
71,3,0,376,M,77,Red,Allotment to Camp,9/29/2024,150.4,77,A,NA,62.904,-143.7787,,,,,,,,,,
71,3,1,376,M,77,Red,Allotment to Camp,10/16/2024,150.4,77,A,158,62.89867,-143.7431,,,,,,,,,,
71,3,2,376,M,77,Red,Allotment to Camp,10/24/2024,150.4,77,A,94,62.89579,-143.73766,,,,,,,,,,
71,3,4,376,M,77,Red,Allotment to Camp,12/27/2024,150.4,77,A,94,62.9147497,-143.7927847,,,,,,,,,,
71,3,5,376,M,77,Red,Allotment to Camp,3/17/2025,150.4,77,A,58,62.7306514,-143.8449981,,,,,,,,,,
71,3,6,376,M,77,Red,Allotment to Camp,5/19/2025,150.4,77,A,65,62.8447631,-143.6952964,only 1 hit,,,,,,,,,
67,3,0,365,F,78,Red,Allotment to Camp,9/29/2024,150.4,78,A,NA,62.904,-143.7787,,,,,,,,,,
67,3,1,365,F,78,Red,Allotment to Camp,10/16/2024,150.4,78,A,113,62.90325,-143.77594,,,,,,,,,,
67,3,2,365,F,78,Red,Allotment to Camp,10/24/2024,150.4,78,A,104,62.90029,-143.7483,,,,,,,,,,
67,3,6,365,F,78,Red,Allotment to Camp,5/19/2025,150.4,78,M,71,62.9168031,-143.8055181,only 2 hits,,,,,,,,,
67,3,7,365,F,78,Red,Allotment to Camp,6/11/2025,150.4,78,M,80,62.9166414,-143.8056497,only 2 hits,,,,,,,,,
67,3,8,365,F,78,Red,Allotment to Camp,7/22/2025,150.4,78,M,83,62.9162764,-143.8049397,,,,,,,,,,
67,3,9,365,F,78,Red,Allotment to Camp,9/8/2025,150.4,78,M,125,62.91609,-143.80517,,,,,,,,,,
67,3,10,365,F,78,Red,Allotment to Camp,9/24/2025,150.4,78,M,102,62.91631,-143.80892,only 1 hit,,,,,,,,,
67,3,11,365,F,78,Red,Allotment to Camp,10/10/2025,150.4,78,M,121,62.91607,-143.8053,,,,,,,,,,
67,3,12,365,F,78,Red,Allotment to Camp,10/22/2025,150.4,78,M,107,62.91602,-143.80417,,,,,,,,,,
67,3,13,365,F,78,Red,Allotment to Camp,10/29/2025,150.4,78,M,101,62.91536,-143.80918,only 1 hit,,,,,,,,,
76,3,0,344,M,79,Red,Allotment to Camp,9/29/2024,150.4,79,A,NA,62.904,-143.7787,,,,,,,,,,
76,3,1,344,M,79,Red,Allotment to Camp,10/16/2024,150.4,79,A,166,62.90942,-143.75764,,,,,,,,,,
76,3,2,344,M,79,Red,Allotment to Camp,10/24/2024,150.4,79,A,78,62.90186,-143.75114,,,,,,,,,,
76,3,3,344,M,79,Red,Allotment to Camp,11/1/2024,150.4,79,A,57,62.9213564,-143.7768164,,,,,,,,,,
76,3,4,344,M,79,Red,Allotment to Camp,12/27/2024,150.4,79,A,100,62.9186414,-143.8151781,,,,,,,,,,
76,3,5,344,M,79,Red,Allotment to Camp,3/17/2025,150.4,79,A,89,62.9183697,-143.8214331,,,,,,,,,,
76,3,6,344,M,79,Red,Allotment to Camp,5/19/2025,150.4,79,A,98,62.9274264,-143.7616764,,,,,,,,,,
76,3,7,344,M,79,Red,Allotment to Camp,6/11/2025,150.4,79,A,119,62.9285897,-143.7466397,,,,,,,,,,
76,3,8,344,M,79,Red,Allotment to Camp,7/22/2025,150.4,79,A,106,62.9175214,-143.7871197,,,,,,,,,,
76,3,9,344,M,79,Red,Allotment to Camp,9/8/2025,150.4,79,A,121,62.9324997,-143.7480381,,,,,,,,,,
76,3,10,344,M,79,Red,Allotment to Camp,9/24/2025,150.4,79,A,153,62.93447,-143.73791,,,,,,,,,,
76,3,11,344,M,79,Red,Allotment to Camp,10/10/2025,150.4,79,M,188,62.93076,-143.74401,,,,,,,,,,
76,3,12,344,M,79,Red,Allotment to Camp,10/22/2025,150.4,79,M,196,62.93325,-143.74395,,,,,,,,,,
76,3,13,344,M,79,Red,Allotment to Camp,10/29/2025,150.4,79,M,168,62.93325,-143.75195,,,,,,,,,,
84,4,0,363,M,80,Red,Allotment to Camp,9/29/2024,150.4,80,A,NA,62.904,-143.7787,,,,,,,,,,
84,4,1,363,M,80,Red,Allotment to Camp,10/16/2024,150.4,80,M,169,62.90537,-143.78539,,,,,,,,,,
84,4,2,363,M,80,Red,Allotment to Camp,10/24/2024,150.4,80,M,135,62.90515,-143.7847,,,,,,,,,,
84,4,3,363,M,80,Red,Allotment to Camp,11/1/2024,150.4,80,M,107,62.9027281,-143.7834664,,,,,,,,,,
84,4,4,363,M,80,Red,Allotment to Camp,12/27/2024,150.4,80,M,73,62.9164564,-143.7901731,,,,,,,,,,
84,4,5,363,M,80,Red,Allotment to Camp,3/17/2025,150.4,80,M,76,62.8999631,-143.7636914,,,,,,,,,,
84,4,6,363,M,80,Red,Allotment to Camp,5/19/2025,150.4,80,M,111,62.9019564,-143.7847814,,,,,,,,,,
84,4,7,363,M,80,Red,Allotment to Camp,6/11/2025,150.4,80,M,122,62.9027731,-143.7811814,,,,,,,,,,
84,4,8,363,M,80,Red,Allotment to Camp,7/22/2025,150.4,80,M,62,62.9092947,-143.7622297,,,,,,,,,,
84,4,9,363,M,80,Red,Allotment to Camp,9/8/2025,150.4,80,M,180,62.905,-143.78263,,,,,,,,,,
84,4,10,363,M,80,Red,Allotment to Camp,9/24/2025,150.4,80,M,161,62.90317,-143.78615,,,,,,,,,,
84,4,11,363,M,80,Red,Allotment to Camp,10/10/2025,150.4,80,M,165,62.9036,-143.78484,,,,,,,,,,
84,4,12,363,M,80,Red,Allotment to Camp,10/22/2025,150.4,80,M,153,62.90495,-143.78181,only 1 hit,,,,,,,,,
84,4,13,363,M,80,Red,Allotment to Camp,10/29/2025,150.4,80,M,144,62.90328,-143.78151,,,,,,,,,,
77,3,0,336,M,81,Red,Allotment to Camp,9/29/2024,150.4,81,A,NA,62.904,-143.7787,,,,,,,,,,
77,3,1,336,M,81,Red,Allotment to Camp,10/16/2024,150.4,81,A,136,62.93488,-143.73916,,,,,,,,,,
77,3,2,336,M,81,Red,Allotment to Camp,10/24/2024,150.4,81,A,74,62.91518,-143.80072,,,,,,,,,,
77,3,3,336,M,81,Red,Allotment to Camp,11/1/2024,150.4,81,A,118,62.9140314,-143.7974197,,,,,,,,,,
77,3,4,336,M,81,Red,Allotment to Camp,12/27/2024,150.4,81,A,80,62.9143081,-143.8009497,,,,,,,,,,
77,3,5,336,M,81,Red,Allotment to Camp,3/17/2025,150.4,81,M,76,62.9131947,-143.7985931,,,,,,,,,,
83,4,0,345,M,82,Red,Allotment to Camp,9/29/2024,150.4,82,A,NA,62.904,-143.7787,,,,,,,,,,
83,4,1,345,M,82,Red,Allotment to Camp,10/16/2024,150.4,82,A,170,62.90034,-143.79012,,,,,,,,,,
83,4,4,345,M,82,Red,Allotment to Camp,12/27/2024,150.4,82,A,126,62.9155864,-143.7800331,,,,,,,,,,
83,4,5,345,M,82,Red,Allotment to Camp,3/17/2025,150.4,82,A,57,62.9156814,-143.7921614,,,,,,,,,,
83,4,6,345,M,82,Red,Allotment to Camp,5/19/2025,150.4,82,A,101,62.9176414,-143.7666297,,,,,,,,,,
83,4,12,345,M,82,Red,Allotment to Camp,10/22/2025,150.4,82,M,99,62.91635,-143.80708,only 1 hit,,,,,,,,,
82,4,0,493,M,83,Red,Allotment to Camp,9/29/2024,150.4,83,A,NA,62.904,-143.7787,,,,,,,,,,
82,4,1,493,M,83,Red,Allotment to Camp,10/16/2024,150.4,83,A,148,62.90547,-143.78299,,,,,,,,,,
82,4,2,493,M,83,Red,Allotment to Camp,10/24/2024,150.4,83,A,116,62.89979,-143.78837,,,,,,,,,,
82,4,3,493,M,83,Red,Allotment to Camp,11/1/2024,150.4,83,A,104,62.9188064,-143.7710631,,,,,,,,,,
82,4,5,493,M,83,Red,Allotment to Camp,3/17/2025,150.4,83,M,84,62.9146197,-143.7761697,,,,,,,,,,
86,4,0,363,M,84,Red,Allotment to Camp,9/29/2024,150.4,84,A,NA,62.904,-143.7787,,,,,,,,,,
86,4,1,363,M,84,Red,Allotment to Camp,10/16/2024,150.4,84,A,162,62.8994,-143.80739,,,,,,,,,,
86,4,2,363,M,84,Red,Allotment to Camp,10/24/2024,150.4,84,A,109,62.90455,-143.7793,,,,,,,,,,
86,4,3,363,M,84,Red,Allotment to Camp,11/1/2024,150.4,84,A,85,62.9150547,-143.8074447,,,,,,,,,,
86,4,4,363,M,84,Red,Allotment to Camp,12/27/2024,150.4,84,A,91,62.9161064,-143.7969614,,,,,,,,,,
86,4,7,363,M,84,Red,Allotment to Camp,6/11/2025,150.4,84,A,95,62.8228864,-143.6847664,,,,,,,,,,
86,4,8,363,M,84,Red,Allotment to Camp,7/22/2025,150.4,84,M,99,62.8171147,-143.6941014,,,,,,,,,,
86,4,9,363,M,84,Red,Allotment to Camp,9/8/2025,150.4,84,M,91,62.8154931,-143.6929314,,,,,,,,,,
86,4,10,363,M,84,Red,Allotment to Camp,9/24/2025,150.4,84,M,159,62.82039,-143.6987,,,,,,,,,,
86,4,11,363,M,84,Red,Allotment to Camp,10/10/2025,150.4,84,M,139,62.81898,-143.69224,,,,,,,,,,
86,4,12,363,M,84,Red,Allotment to Camp,10/22/2025,150.4,84,M,125,62.81654,-143.68897,,,,,,,,,,
86,4,13,363,M,84,Red,Allotment to Camp,10/29/2025,150.4,84,M,143,62.81817,-143.69396,,,,,,,,,,
66,3,0,368,M,85,Red,Allotment to Camp,9/29/2024,150.4,85,A,NA,62.904,-143.7787,,,,,,,,,,
66,3,1,368,M,85,Red,Allotment to Camp,10/16/2024,150.4,85,A,167,62.90014,-143.80392,,,,,,,,,,
75,3,0,346,M,86,Red,Allotment to Camp,9/29/2024,150.4,86,A,NA,62.904,-143.7787,,,,,,,,,,
75,3,1,346,M,86,Red,Allotment to Camp,10/16/2024,150.4,86,A,149,62.9022,-143.76549,,,,,,,,,,
75,3,2,346,M,86,Red,Allotment to Camp,10/24/2024,150.4,86,A,102,62.90137,-143.75196,,,,,,,,,,
75,3,3,346,M,86,Red,Allotment to Camp,11/1/2024,150.4,86,A,91,62.9272464,-143.7605497,,,,,,,,,,
75,3,4,346,M,86,Red,Allotment to Camp,12/27/2024,150.4,86,A,114,62.9179481,-143.7819881,,,,,,,,,,
75,3,5,346,M,86,Red,Allotment to Camp,3/17/2025,150.4,86,A,108,62.9175147,-143.8179014,,,,,,,,,,
75,3,6,346,M,86,Red,Allotment to Camp,5/19/2025,150.4,86,A,54,62.9270897,-143.7493047,only 1 hit,,,,,,,,,
75,3,7,346,M,86,Red,Allotment to Camp,6/11/2025,150.4,86,A,79,62.9236964,-143.7757131,,,,,,,,,,
75,3,8,346,M,86,Red,Allotment to Camp,7/22/2025,150.4,86,A,57,62.9148181,-143.8060514,only 1 hit,,,,,,,,,
75,3,9,346,M,86,Red,Allotment to Camp,9/8/2025,150.4,86,A,102,62.92703,-143.76195,only 1 hit,,,,,,,,,
75,3,11,346,M,86,Red,Allotment to Camp,10/10/2025,150.4,86,A,146,62.91583,-143.80659,,,,,,,,,,
75,3,12,346,M,86,Red,Allotment to Camp,10/22/2025,150.4,86,A,141,62.9329,-143.74518,,,,,,,,,,
75,3,13,346,M,86,Red,Allotment to Camp,10/29/2025,150.4,86,A,166,62.93051,-143.7396,,,,,,,,,,
91,4,0,345,M,87,Red,Allotment to Camp,9/29/2024,150.4,87,A,NA,62.904,-143.7787,,,,,,,,,,
91,4,1,345,M,87,Red,Allotment to Camp,10/16/2024,150.4,87,A,127,62.90248,-143.79109,,,,,,,,,,
91,4,2,345,M,87,Red,Allotment to Camp,10/24/2024,150.4,87,A,124,62.91459,-143.77321,,,,,,,,,,
91,4,4,345,M,87,Red,Allotment to Camp,12/27/2024,150.4,87,M,74,62.9108297,-143.7773014,,,,,,,,,,
91,4,6,345,M,87,Red,Allotment to Camp,5/19/2025,150.4,87,M,69,62.9190664,-143.7805864,,,,,,,,,,
91,4,7,345,M,87,Red,Allotment to Camp,6/11/2025,150.4,87,M,99,62.9150514,-143.7853814,,,,,,,,,,
91,4,8,345,M,87,Red,Allotment to Camp,7/22/2025,150.4,87,M,109,62.9131964,-143.7871881,,,,,,,,,,
91,4,9,345,M,87,Red,Allotment to Camp,9/8/2025,150.4,87,M,126,62.91218,-143.78925,,,,,,,,,,
91,4,13,345,M,87,Red,Allotment to Camp,10/29/2025,150.4,87,M,127,62.91228,-143.78814,,,,,,,,,,
65,3,0,350,F,88,Red,Allotment to Camp,9/29/2024,150.4,88,A,NA,62.904,-143.7787,,,,,,,,,,
65,3,1,350,F,88,Red,Allotment to Camp,10/16/2024,150.4,88,A,153,62.89004,-143.72707,,,,,,,,,,
65,3,3,350,F,88,Red,Allotment to Camp,11/1/2024,150.4,88,A,113,62.8837214,-143.7221047,,,,,,,,,,
65,3,4,350,F,88,Red,Allotment to Camp,12/27/2024,150.4,88,A,142,62.8883814,-143.7308014,,,,,,,,,,
65,3,5,350,F,88,Red,Allotment to Camp,3/17/2025,150.4,88,A,119,62.8896664,-143.7285131,,,,,,,,,,
65,3,6,350,F,88,Red,Allotment to Camp,5/19/2025,150.4,88,A,125,62.8870047,-143.7293731,,,,,,,,,,
65,3,7,350,F,88,Red,Allotment to Camp,6/11/2025,150.4,88,A,121,62.8880481,-143.7274647,,,,,,,,,,
65,3,8,350,F,88,Red,Allotment to Camp,7/22/2025,150.4,88,M,119,62.8877031,-143.7270864,,,,,,,,,,
65,3,9,350,F,88,Red,Allotment to Camp,9/8/2025,150.4,88,M,184,62.88688,-143.72699,,,,,,,,,,
65,3,11,350,F,88,Red,Allotment to Camp,10/10/2025,150.4,88,M,161,62.8867,-143.72937,,,,,,,,,,
65,3,12,350,F,88,Red,Allotment to Camp,10/22/2025,150.4,88,M,197,62.88724,-143.72852,,,,,,,,,,
65,3,13,350,F,88,Red,Allotment to Camp,10/29/2025,150.4,88,M,155,62.88591,-143.72864,,,,,,,,,,
64,2,0,356,M,89,Purple,Mentasta Creek,9/28/2024,150.4,89,A,NA,62.9057,-143.7531,,,,,,,,,,
64,2,1,356,M,89,Purple,Mentasta Creek,10/16/2024,150.4,89,A,159,62.89932,-143.8046,,,,,,,,,,
64,2,2,356,M,89,Purple,Mentasta Creek,10/24/2024,150.4,89,A,134,62.90441,-143.77873,,,,,,,,,,
64,2,3,356,M,89,Purple,Mentasta Creek,11/1/2024,150.4,89,A,99,62.9122531,-143.7607814,,,,,,,,,,
64,2,4,356,M,89,Purple,Mentasta Creek,12/27/2024,150.4,89,A,141,62.9150497,-143.7803947,,,,,,,,,,
64,2,5,356,M,89,Purple,Mentasta Creek,3/17/2025,150.4,89,A,132,62.9169281,-143.7783547,,,,,,,,,,
64,2,6,356,M,89,Purple,Mentasta Creek,5/19/2025,150.4,89,A,109,62.9191731,-143.7657031,,,,,,,,,,
64,2,7,356,M,89,Purple,Mentasta Creek,6/11/2025,150.4,89,A,70,62.9169514,-143.7768581,only 1 hit,,,,,,,,,
64,2,10,356,M,89,Purple,Mentasta Creek,9/24/2025,150.4,89,A,153,62.91193,-143.7862,,,,,,,,,,
73,3,0,359,M,90,Red,Allotment to Camp,9/29/2024,150.4,90,A,NA,62.904,-143.7787,,,,,,,,,,
73,3,1,359,M,90,Red,Allotment to Camp,10/16/2024,150.4,90,A,147,62.89523,-143.73893,,,,,,,,,,
73,3,2,359,M,90,Red,Allotment to Camp,10/24/2024,150.4,90,A,87,62.89982,-143.7501,,,,,,,,,,
73,3,3,359,M,90,Red,Allotment to Camp,11/1/2024,150.4,90,A,101,62.9168981,-143.8113914,,,,,,,,,,
73,3,4,359,M,90,Red,Allotment to Camp,12/27/2024,150.4,90,A,93,62.9179131,-143.8109964,,,,,,,,,,
73,3,6,359,M,90,Red,Allotment to Camp,5/19/2025,150.4,90,A,110,62.9141047,-143.7937214,,,,,,,,,,
73,3,7,359,M,90,Red,Allotment to Camp,6/11/2025,150.4,90,A,119,62.9188764,-143.8205181,,,,,,,,,,
73,3,8,359,M,90,Red,Allotment to Camp,7/22/2025,150.4,90,A,66,62.9159014,-143.8012381,,,,,,,,,,
73,3,9,359,M,90,Red,Allotment to Camp,9/8/2025,150.4,90,A,135,62.92619,-143.75075,only 1 hit,,,,,,,,,
73,3,12,359,M,90,Red,Allotment to Camp,10/22/2025,150.4,90,A,135,62.85766,-143.7028,,,,,,,,,,
68,3,0,341,M,91,Red,Allotment to Camp,9/29/2024,150.4,91,A,NA,62.904,-143.7787,,,,,,,,,,
69,3,0,334,M,92,Red,Allotment to Camp,9/29/2024,150.4,92,A,NA,62.904,-143.7787,,,,,,,,,,
69,3,1,334,M,92,Red,Allotment to Camp,10/16/2024,150.4,92,A,160,62.90056,-143.80666,,,,,,,,,,
69,3,2,334,M,92,Red,Allotment to Camp,10/24/2024,150.4,92,A,127,62.89963,-143.78974,,,,,,,,,,
69,3,3,334,M,92,Red,Allotment to Camp,11/1/2024,150.4,92,A,55,62.9156264,-143.8066097,,,,,,,,,,
69,3,4,334,M,92,Red,Allotment to Camp,12/27/2024,150.4,92,A,69,62.9141764,-143.8014064,,,,,,,,,,
69,3,5,334,M,92,Red,Allotment to Camp,3/17/2025,150.4,92,A,104,62.9179864,-143.8205781,,,,,,,,,,
69,3,6,334,M,92,Red,Allotment to Camp,5/19/2025,150.4,92,A,96,62.9260831,-143.7596531,,,,,,,,,,
69,3,7,334,M,92,Red,Allotment to Camp,6/11/2025,150.4,92,A,109,62.9158431,-143.7989464,,,,,,,,,,
69,3,8,334,M,92,Red,Allotment to Camp,7/22/2025,150.4,92,A,73,62.9161097,-143.8105231,,,,,,,,,,
69,3,9,334,M,92,Red,Allotment to Camp,9/8/2025,150.4,92,A,118,62.91627,-143.80609,,,,,,,,,,
69,3,10,334,M,92,Red,Allotment to Camp,9/24/2025,150.4,92,A,118,62.9169,-143.80614,only 1 hit,,,,,,,,,
88,4,0,336,M,93,Red,Allotment to Camp,9/29/2024,150.4,93,A,NA,62.904,-143.7787,,,,,,,,,,
88,4,1,336,M,93,Red,Allotment to Camp,10/16/2024,150.4,93,A,151,62.9019,-143.75202,,,,,,,,,,
88,4,2,336,M,93,Red,Allotment to Camp,10/24/2024,150.4,93,A,96,62.90303,-143.75174,,,,,,,,,,
88,4,3,336,M,93,Red,Allotment to Camp,11/1/2024,150.4,93,A,86,62.9150414,-143.8113097,,,,,,,,,,
88,4,4,336,M,93,Red,Allotment to Camp,12/27/2024,150.4,93,A,111,62.9184414,-143.8164881,,,,,,,,,,
88,4,5,336,M,93,Red,Allotment to Camp,3/17/2025,150.4,93,M,76,62.9112281,-143.7728181,,,,,,,,,,
89,4,0,363,M,94,Red,Allotment to Camp,9/29/2024,150.4,94,A,NA,62.904,-143.7787,,,,,,,,,,
89,4,1,363,M,94,Red,Allotment to Camp,10/16/2024,150.4,94,A,93,62.89454,-143.77565,,,,,,,,,,
89,4,2,363,M,94,Red,Allotment to Camp,10/24/2024,150.4,94,A,82,62.8906,-143.73428,,,,,,,,,,
89,4,3,363,M,94,Red,Allotment to Camp,11/1/2024,150.4,94,A,123,62.8798664,-143.7108581,,,,,,,,,,
89,4,4,363,M,94,Red,Allotment to Camp,12/27/2024,150.4,94,M,107,62.8773031,-143.7107347,,,,,,,,,,
89,4,5,363,M,94,Red,Allotment to Camp,3/17/2025,150.4,94,M,131,62.8745164,-143.7078947,,,,,,,,,,
89,4,6,363,M,94,Red,Allotment to Camp,5/19/2025,150.4,94,M,138,62.8744931,-143.7038597,,,,,,,,,,
89,4,7,363,M,94,Red,Allotment to Camp,6/11/2025,150.4,94,M,123,62.8749031,-143.7040064,,,,,,,,,,
89,4,8,363,M,94,Red,Allotment to Camp,7/22/2025,150.4,94,M,118,62.8751347,-143.7062364,,,,,,,,,,
89,4,9,363,M,94,Red,Allotment to Camp,9/8/2025,150.4,94,M,160,62.87482,-143.70793,,,,,,,,,,
89,4,10,363,M,94,Red,Allotment to Camp,9/24/2025,150.4,94,M,153,62.87668,-143.70525,,,,,,,,,,
89,4,11,363,M,94,Red,Allotment to Camp,10/10/2025,150.4,94,M,161,62.87363,-143.70696,,,,,,,,,,
89,4,12,363,M,94,Red,Allotment to Camp,10/22/2025,150.4,94,M,127,62.87861,-143.70801,,,,,,,,,,
89,4,13,363,M,94,Red,Allotment to Camp,10/29/2025,150.4,94,M,134,62.87496,-143.70508,,,,,,,,,,
85,4,0,402,F,95,Red,Allotment to Camp,9/29/2024,150.4,95,A,NA,62.904,-143.7787,,,,,,,,,,
85,4,1,402,F,95,Red,Allotment to Camp,10/16/2024,150.4,95,A,136,62.82583,-143.68108,,,,,,,,,,
85,4,2,402,F,95,Red,Allotment to Camp,10/24/2024,150.4,95,A,124,62.74867,-143.78006,,,,,,,,,,
85,4,3,402,F,95,Red,Allotment to Camp,11/1/2024,150.4,95,A,90,62.7488347,-143.7807247,,,,,,,,,,
85,4,6,402,F,95,Red,Allotment to Camp,5/19/2025,150.4,95,A,95,62.8025281,-143.7368914,,,,,,,,,,
74,3,0,365,M,96,Red,Allotment to Camp,9/29/2024,150.4,96,A,NA,62.904,-143.7787,,,,,,,,,,
74,3,1,365,M,96,Red,Allotment to Camp,10/16/2024,150.4,96,A,80,62.89908,-143.74411,,,,,,,,,,
74,3,2,365,M,96,Red,Allotment to Camp,10/24/2024,150.4,96,A,115,62.90256,-143.74844,,,,,,,,,,
74,3,3,365,M,96,Red,Allotment to Camp,11/1/2024,150.4,96,A,131,62.9005497,-143.7493481,,,,,,,,,,
74,3,4,365,M,96,Red,Allotment to Camp,12/27/2024,150.4,96,A,107,62.9005114,-143.7481464,,,,,,,,,,
74,3,5,365,M,96,Red,Allotment to Camp,3/17/2025,150.4,96,A,103,62.8986964,-143.7468947,,,,,,,,,,
74,3,6,365,M,96,Red,Allotment to Camp,5/19/2025,150.4,96,A,127,62.9002164,-143.7479347,,,,,,,,,,
74,3,7,365,M,96,Red,Allotment to Camp,6/11/2025,150.4,96,M,116,62.9012464,-143.7513731,,,,,,,,,,
74,3,8,365,M,96,Red,Allotment to Camp,7/22/2025,150.4,96,M,134,62.9001397,-143.7476464,,,,,,,,,,
74,3,9,365,M,96,Red,Allotment to Camp,9/8/2025,150.4,96,M,171,62.90013,-143.74923,,,,,,,,,,
74,3,10,365,M,96,Red,Allotment to Camp,9/24/2025,150.4,96,M,178,62.89946,-143.74625,,,,,,,,,,
74,3,11,365,M,96,Red,Allotment to Camp,10/10/2025,150.4,96,M,175,62.90003,-143.7485,,,,,,,,,,
74,3,12,365,M,96,Red,Allotment to Camp,10/22/2025,150.4,96,M,198,62.90051,-143.74786,,,,,,,,,,
74,3,13,365,M,96,Red,Allotment to Camp,10/29/2025,150.4,96,M,180,62.89965,-143.74802,,,,,,,,,,
70,3,0,336,M,97,Red,Allotment to Camp,9/29/2024,150.4,97,A,NA,62.904,-143.7787,,,,,,,,,,
70,3,1,336,M,97,Red,Allotment to Camp,10/16/2024,150.4,97,A,135,62.90158,-143.78714,,,,,,,,,,
70,3,2,336,M,97,Red,Allotment to Camp,10/24/2024,150.4,97,A,120,62.89971,-143.78906,,,,,,,,,,
70,3,3,336,M,97,Red,Allotment to Camp,11/1/2024,150.4,97,A,64,62.9142681,-143.7911114,,,,,,,,,,
70,3,4,336,M,97,Red,Allotment to Camp,12/27/2024,150.4,97,A,105,62.9169097,-143.8167897,,,,,,,,,,
70,3,5,336,M,97,Red,Allotment to Camp,3/17/2025,150.4,97,A,87,62.9167447,-143.8125047,,,,,,,,,,
70,3,6,336,M,97,Red,Allotment to Camp,5/19/2025,150.4,97,A,89,62.9199981,-143.7589681,,,,,,,,,,
70,3,7,336,M,97,Red,Allotment to Camp,6/11/2025,150.4,97,A,56,62.9246397,-143.7675381,only 1 hit,,,,,,,,,
70,3,12,336,M,97,Red,Allotment to Camp,10/22/2025,150.4,97,A,105,62.91528,-143.80504,only 1 hit,,,,,,,,,
70,3,13,336,M,97,Red,Allotment to Camp,10/29/2025,150.4,97,A,178,62.91767,-143.82056,,,,,,,,,,
72,3,0,325,M,98,Red,Allotment to Camp,9/29/2024,150.4,98,A,NA,62.904,-143.7787,,,,,,,,,,
72,3,2,325,M,98,Red,Allotment to Camp,10/24/2024,150.4,98,A,97,62.90029,-143.7483,,,,,,,,,,
72,3,3,325,M,98,Red,Allotment to Camp,11/1/2024,150.4,98,A,67,62.9209714,-143.7634597,,,,,,,,,,
72,3,4,325,M,98,Red,Allotment to Camp,12/27/2024,150.4,98,A,102,62.9117331,-143.7855997,,,,,,,,,,
72,3,6,325,M,98,Red,Allotment to Camp,5/19/2025,150.4,98,A,94,62.9309681,-143.7565931,,,,,,,,,,
72,3,7,325,M,98,Red,Allotment to Camp,6/11/2025,150.4,98,A,84,62.9219881,-143.7789014,,,,,,,,,,
72,3,8,325,M,98,Red,Allotment to Camp,7/22/2025,150.4,98,M,74,62.9171981,-143.7763331,,,,,,,,,,
72,3,9,325,M,98,Red,Allotment to Camp,9/8/2025,150.4,98,M,105,62.92265,-143.77314,only 1 hit,,,,,,,,,
72,3,10,325,M,98,Red,Allotment to Camp,9/24/2025,150.4,98,M,140,62.92021,-143.7736,,,,,,,,,,
72,3,11,325,M,98,Red,Allotment to Camp,10/10/2025,150.4,98,M,132,62.92071,-143.77395,,,,,,,,,,
72,3,12,325,M,98,Red,Allotment to Camp,10/22/2025,150.4,98,M,133,62.92012,-143.77204,only 1 hit,,,,,,,,,
61,2,0,366,F,99,Purple,Mentasta Creek,9/28/2024,150.4,99,A,NA,62.9057,-143.7531,,,,,,,,,,
61,2,1,366,F,99,Purple,Mentasta Creek,10/16/2024,150.4,99,A,127,62.91327,-143.77415,,,,,,,,,,
61,2,2,366,F,99,Purple,Mentasta Creek,10/24/2024,150.4,99,A,85,62.91462,-143.77391,,,,,,,,,,
61,2,3,366,F,99,Purple,Mentasta Creek,11/1/2024,150.4,99,A,67,62.9153114,-143.8001264,,,,,,,,,,
61,2,4,366,F,99,Purple,Mentasta Creek,12/27/2024,150.4,99,A,95,62.9153931,-143.7871464,,,,,,,,,,
61,2,5,366,F,99,Purple,Mentasta Creek,3/17/2025,150.4,99,A,98,62.9144131,-143.7817964,,,,,,,,,,
61,2,6,366,F,99,Purple,Mentasta Creek,5/19/2025,150.4,99,A,80,62.8680314,-143.7388631,only 2 hits,,,,,,,,,
61,2,7,366,F,99,Purple,Mentasta Creek,6/11/2025,150.4,99,A,98,62.8642681,-143.7389564,,,,,,,,,,
61,2,8,366,F,99,Purple,Mentasta Creek,7/22/2025,150.4,99,A,83,62.8671214,-143.7413931,,,,,,,,,,
61,2,9,366,F,99,Purple,Mentasta Creek,9/8/2025,150.4,99,A,184,62.8619,-143.74415,,,,,,,,,,
61,2,10,366,F,99,Purple,Mentasta Creek,9/24/2025,150.4,99,M,170,62.86022,-143.74503,,,,,,,,,,
61,2,11,366,F,99,Purple,Mentasta Creek,10/10/2025,150.4,99,M,191,62.86205,-143.74452,,,,,,,,,,
61,2,12,366,F,99,Purple,Mentasta Creek,10/22/2025,150.4,99,M,217,62.86127,-143.74348,,,,,,,,,,
61,2,13,366,F,99,Purple,Mentasta Creek,10/29/2025,150.4,99,M,188,62.86036,-143.74717,,,,,,,,,,
87,4,0,351,F,100,Red,Allotment to Camp,9/29/2024,150.4,100,A,NA,62.904,-143.7787,,,,,,,,,,
87,4,1,351,F,100,Red,Allotment to Camp,10/16/2024,150.4,100,A,169,62.87361,-143.70313,,,,,,,,,,
87,4,2,351,F,100,Red,Allotment to Camp,10/24/2024,150.4,100,A,68,62.80963,-143.71522,,,,,,,,,,
87,4,3,351,F,100,Red,Allotment to Camp,11/1/2024,150.4,100,A,113,62.8155397,-143.6945264,,,,,,,,,,
87,4,4,351,F,100,Red,Allotment to Camp,12/27/2024,150.4,100,M,134,62.7168947,-143.9145747,,,,,,,,,,
87,4,5,351,F,100,Red,Allotment to Camp,3/17/2025,150.4,100,M,114,62.7180614,-143.9150114,,,,,,,,,,
87,4,6,351,F,100,Red,Allotment to Camp,5/19/2025,150.4,100,M,121,62.7153931,-143.9142414,,,,,,,,,,
87,4,7,351,F,100,Red,Allotment to Camp,6/11/2025,150.4,100,M,129,62.7163564,-143.9145047,,,,,,,,,,
87,4,8,351,F,100,Red,Allotment to Camp,7/22/2025,150.4,100,M,133,62.7175531,-143.9140947,,,,,,,,,,
87,4,9,351,F,100,Red,Allotment to Camp,9/8/2025,150.4,100,M,160,62.71757,-143.91295,,,,,,,,,,
87,4,10,351,F,100,Red,Allotment to Camp,9/24/2025,150.4,100,M,187,62.7178,-143.91439,,,,,,,,,,
87,4,11,351,F,100,Red,Allotment to Camp,10/10/2025,150.4,100,M,168,62.71562,-143.91287,,,,,,,,,,
87,4,12,351,F,100,Red,Allotment to Camp,10/22/2025,150.4,100,M,187,62.71815,-143.9138,,,,,,,,,,
87,4,13,351,F,100,Red,Allotment to Camp,10/29/2025,150.4,100,M,180,62.71692,-143.91394,,,,,,,,,,
,,,,,,,,,,,,,,,,,,,,,,,,
,,,,,,,,,,,,,,,,,,,,,,,,
,,,,,,,,,,,,,,,,,,,,,,,,
,,,,,,,,,,,,,,,,,,,,,,,,
,,,,,,,,,,,,,,,,,,,,,,,,
,,,,,,,,,,,,,,,,,,,,,,,,
